DATE,INDPRO,FEDFUNDS,Date,Open,High,Low,Close,Adj Close,Volume
1960-01-01,24.8956,3.99,1960-01-01,59.910000,60.389999,55.610001,55.610001,55.610001,63920000
1960-02-01,24.6741,3.97,1960-02-01,55.959999,56.820000,54.730000,56.119999,56.119999,60500000
1960-03-01,24.4525,3.84,1960-03-01,56.009998,56.009998,53.470001,55.340000,55.340000,65710000
1960-04-01,24.2587,3.92,1960-04-01,55.430000,56.590000,54.369999,54.369999,54.369999,57300000
1960-05-01,24.2310,3.85,1960-05-01,54.130001,55.830002,54.130001,55.830002,55.830002,68790000
1960-06-01,23.9264,3.32,1960-06-01,55.889999,58.000000,55.889999,56.919998,56.919998,76480000
1960-07-01,23.8433,3.23,1960-07-01,57.060001,57.380001,54.169998,55.509998,55.509998,53860000
1960-08-01,23.8156,2.98,1960-08-01,55.529999,58.070000,54.720001,56.959999,56.959999,65330000
1960-09-01,23.5664,2.60,1960-09-01,57.090000,57.090000,52.480000,53.520000,53.520000,60840000
1960-10-01,23.5387,2.47,1960-10-01,53.360001,54.860001,52.200001,53.389999,53.389999,54370000
1960-11-01,23.2064,2.44,1960-11-01,53.939999,56.430000,53.939999,55.540001,55.540001,62010000
1960-12-01,22.7633,1.98,1960-12-01,55.299999,58.110001,55.299999,58.110001,58.110001,77330000
1961-01-01,22.7910,1.45,1961-01-01,57.570000,61.970001,57.570000,61.779999,61.779999,89010000
1961-02-01,22.7633,2.54,1961-02-01,61.900002,63.439999,61.139999,63.439999,63.439999,92730000
1961-03-01,22.9018,2.02,1961-03-01,63.430000,65.059998,63.380001,65.059998,65.059998,115050000
1961-04-01,23.3725,1.49,1961-04-01,65.599998,68.680000,64.400002,65.309998,65.309998,101760000
1961-05-01,23.7325,1.98,1961-05-01,65.169998,67.389999,65.169998,66.559998,66.559998,96940000
1961-06-01,24.0648,1.73,1961-06-01,66.559998,67.080002,64.470001,64.639999,64.639999,73090000
1961-07-01,24.3418,1.17,1961-07-01,65.209999,66.760002,64.410004,66.760002,66.760002,60840000
1961-08-01,24.5633,2.00,1961-08-01,67.370003,68.440002,66.940002,68.070000,68.070000,81490000
1961-09-01,24.5356,1.88,1961-09-01,68.190002,68.459999,65.769997,66.730003,66.730003,63820000
1961-10-01,25.0064,2.26,1961-10-01,66.769997,68.620003,66.730003,68.620003,68.620003,72980000
1961-11-01,25.3941,2.61,1961-11-01,68.730003,71.849998,68.730003,71.320000,71.320000,87770000
1961-12-01,25.6156,2.33,1961-12-01,71.779999,72.639999,70.860001,71.550003,71.550003,82380000
1962-01-01,25.3941,2.15,1962-01-01,71.550003,71.959999,67.550003,68.839996,68.839996,80790000
1962-02-01,25.8095,2.37,1962-02-01,68.839996,71.129997,68.559998,69.959999,69.959999,66130000
1962-03-01,25.9479,2.85,1962-03-01,69.959999,71.440002,69.160004,69.550003,69.550003,68440000
1962-04-01,26.0033,2.78,1962-04-01,69.550003,69.820000,64.949997,65.239998,65.239998,65240000
1962-05-01,25.9756,2.36,1962-05-01,65.239998,66.930000,53.130001,59.630001,59.630001,111030000
1962-06-01,25.9202,2.68,1962-06-01,59.630001,59.959999,51.349998,54.750000,54.750000,100160000
1962-07-01,26.1695,2.71,1962-07-01,54.750000,58.669998,54.470001,58.230000,58.230000,74160000
1962-08-01,26.1972,2.93,1962-08-01,58.230000,60.330002,56.759998,59.119999,59.119999,80400000
1962-09-01,26.3633,2.90,1962-09-01,59.119999,59.540001,55.529999,56.270000,56.270000,62890000
1962-10-01,26.3910,2.90,1962-10-01,56.270000,57.830002,52.549999,56.520000,56.520000,78690000
1962-11-01,26.5018,2.94,1962-11-01,56.520000,62.779999,55.900002,62.259998,62.259998,96020000
1962-12-01,26.5018,2.93,1962-12-01,62.259998,63.500000,61.279999,63.099998,63.099998,80870000
1963-01-01,26.6956,2.92,1963-01-01,63.099998,66.589996,62.320000,66.199997,66.199997,101970000
1963-02-01,27.0003,3.00,1963-02-01,66.309998,66.959999,64.080002,64.290001,64.290001,79120000
1963-03-01,27.1664,2.98,1963-03-01,64.290001,67.010002,63.799999,66.570000,66.570000,74760000
1963-04-01,27.4156,2.90,1963-04-01,66.570000,70.180000,66.230003,69.800003,69.800003,106290000
1963-05-01,27.7480,3.00,1963-05-01,69.800003,71.139999,69.029999,70.800003,70.800003,105070000
1963-06-01,27.8310,2.99,1963-06-01,70.800003,71.239998,68.779999,69.370003,69.370003,90580000
1963-07-01,27.7203,3.02,1963-07-01,69.370003,70.480003,67.540001,69.129997,69.129997,76310000
1963-08-01,27.7756,3.49,1963-08-01,69.129997,72.709999,68.639999,72.500000,72.500000,91650000
1963-09-01,28.0526,3.48,1963-09-01,72.500000,73.870003,71.279999,71.699997,71.699997,106620000
1963-10-01,28.2464,3.50,1963-10-01,71.699997,75.180000,71.570000,74.010002,74.010002,122360000
1963-11-01,28.3849,3.48,1963-11-01,74.010002,74.440002,69.480003,73.230003,73.230003,93990000
1963-12-01,28.3295,3.38,1963-12-01,73.230003,75.360001,73.019997,75.019997,75.019997,98660000
1964-01-01,28.5787,3.48,1964-01-01,75.019997,77.779999,74.820000,77.040001,77.040001,116620000
1964-02-01,28.7726,3.48,1964-02-01,77.040001,78.309998,76.360001,77.800003,77.800003,88110000
1964-03-01,28.7726,3.43,1964-03-01,77.800003,79.889999,77.500000,78.980003,78.980003,113760000
1964-04-01,29.2434,3.47,1964-04-01,78.980003,81.199997,78.669998,79.459999,79.459999,123490000
1964-05-01,29.4095,3.50,1964-05-01,79.459999,81.809998,79.459999,80.370003,80.370003,99150000
1964-06-01,29.4926,3.50,1964-06-01,80.370003,82.099998,78.150002,81.690002,81.690002,96150000
1964-07-01,29.6864,3.42,1964-07-01,81.690002,84.330002,81.459999,83.180000,83.180000,102590000
1964-08-01,29.8803,3.50,1964-08-01,83.180000,83.489998,80.800003,81.830002,81.830002,82280000
1964-09-01,29.9910,3.45,1964-09-01,81.830002,84.800003,81.570000,84.180000,84.180000,109770000
1964-10-01,29.5757,3.36,1964-10-01,84.180000,85.699997,83.650002,84.860001,84.860001,106550000
1964-11-01,30.4895,3.52,1964-11-01,84.860001,86.800003,84.099998,84.419998,84.419998,93640000
1964-12-01,30.8495,3.85,1964-12-01,84.419998,85.180000,82.650002,84.750000,84.750000,104010000
1965-01-01,31.1818,3.90,1965-01-01,84.750000,88.190002,83.769997,87.559998,87.559998,109130000
1965-02-01,31.3757,3.98,1965-02-01,87.559998,88.059998,85.250000,87.430000,87.430000,112280000
1965-03-01,31.7911,4.04,1965-03-01,87.430000,87.930000,85.650002,86.160004,86.160004,124830000
1965-04-01,31.9295,4.09,1965-04-01,86.160004,89.639999,85.870003,89.110001,89.110001,119120000
1965-05-01,32.1788,4.10,1965-05-01,89.110001,90.680000,87.239998,88.419998,88.419998,110190000
1965-06-01,32.4280,4.04,1965-06-01,88.419998,88.800003,80.730003,84.120003,84.120003,128160000
1965-07-01,32.7326,4.09,1965-07-01,84.120003,86.470001,83.300003,85.250000,85.250000,85150000
1965-08-01,32.8711,4.12,1965-08-01,85.250000,87.790001,84.800003,87.169998,87.169998,109070000
1965-09-01,32.9542,4.01,1965-09-01,87.169998,91.129997,86.690002,89.959999,89.959999,155180000
1965-10-01,33.2865,4.08,1965-10-01,89.959999,93.190002,89.300003,92.419998,92.419998,164090000
1965-11-01,33.4249,4.10,1965-11-01,92.419998,93.300003,90.809998,91.610001,91.610001,147110000
1965-12-01,33.8403,4.32,1965-12-01,91.610001,93.070000,89.199997,92.430000,92.430000,191050000
1966-01-01,34.1726,4.42,1966-01-01,92.430000,94.639999,91.629997,92.879997,92.879997,182910000
1966-02-01,34.3942,4.60,1966-02-01,92.879997,94.720001,90.430000,91.220001,91.220001,165790000
1966-03-01,34.8649,4.65,1966-03-01,91.220001,91.650002,86.690002,89.230003,89.230003,191360000
1966-04-01,34.9203,4.67,1966-04-01,89.230003,93.019997,88.959999,91.059998,91.059998,186160000
1966-05-01,35.2526,4.90,1966-05-01,91.059998,91.750000,83.180000,86.129997,86.129997,171290000
1966-06-01,35.4188,5.17,1966-06-01,86.129997,87.739998,83.750000,84.739998,84.739998,140450000
1966-07-01,35.6126,5.30,1966-07-01,84.739998,88.190002,83.050003,83.599998,83.599998,119810000
1966-08-01,35.6403,5.53,1966-08-01,83.500000,84.699997,73.910004,77.099998,77.099998,162430000
1966-09-01,35.9726,5.40,1966-09-01,77.099998,80.809998,75.029999,76.559998,76.559998,120030000
1966-10-01,36.2218,5.53,1966-10-01,76.559998,80.910004,72.279999,80.199997,80.199997,146210000
1966-11-01,35.9726,5.76,1966-11-01,80.199997,83.010002,78.889999,80.449997,80.449997,145780000
1966-12-01,36.0557,5.40,1966-12-01,80.449997,83.879997,79.489998,80.330002,80.330002,165070000
1967-01-01,36.2258,4.94,1967-01-01,80.330002,88.169998,79.430000,86.610001,86.610001,207410000
1967-02-01,35.8149,5.00,1967-02-01,86.610001,89.000000,85.610001,86.779999,86.779999,182950000
1967-03-01,35.6130,4.53,1967-03-01,86.779999,91.720001,86.669998,90.199997,90.199997,224640000
1967-04-01,35.9489,4.05,1967-04-01,90.199997,94.769997,87.860001,94.010002,94.010002,187650000
1967-05-01,35.6353,3.94,1967-05-01,94.010002,95.250000,88.709999,89.080002,89.080002,218420000
1967-06-01,35.6308,3.98,1967-06-01,89.080002,93.279999,87.190002,90.639999,90.639999,212590000
1967-07-01,35.5497,3.79,1967-07-01,90.639999,95.510002,90.120003,94.750000,94.750000,216730000
1967-08-01,36.2308,3.90,1967-08-01,94.750000,96.669998,92.010002,93.639999,93.639999,207800000
1967-09-01,36.1720,3.99,1967-09-01,93.639999,98.309998,93.000000,96.709999,96.709999,204960000
1967-10-01,36.4666,3.88,1967-10-01,96.709999,98.250000,93.290001,93.300003,93.300003,224780000
1967-11-01,36.9881,4.13,1967-11-01,93.300003,95.510002,90.089996,94.000000,94.000000,211430000
1967-12-01,37.3865,4.51,1967-12-01,94.000000,96.900002,93.410004,96.470001,96.470001,229460000
1968-01-01,37.3462,4.60,1968-01-01,96.470001,97.839996,91.269997,92.239998,92.239998,262770000
1968-02-01,37.4801,4.71,1968-02-01,92.239998,93.440002,86.730003,89.360001,89.360001,174380000
1968-03-01,37.5970,5.05,1968-03-01,89.360001,91.089996,86.989998,90.199997,90.199997,192610000
1968-04-01,37.6515,5.76,1968-04-01,91.110001,98.610001,91.110001,97.459999,97.459999,295420000
1968-05-01,38.0738,6.11,1968-05-01,97.459999,100.190002,95.800003,98.680000,98.680000,291980000
1968-06-01,38.2137,6.07,1968-06-01,98.720001,102.839996,98.720001,99.580002,99.580002,257290000
1968-07-01,38.1551,6.02,1968-07-01,99.580002,103.669998,96.839996,97.739998,97.739998,242450000
1968-08-01,38.2615,6.03,1968-08-01,97.739998,99.669998,95.790001,98.860001,98.860001,193970000
1968-09-01,38.4065,5.78,1968-09-01,98.860001,103.629997,98.309998,102.669998,102.669998,228300000
1968-10-01,38.4827,5.91,1968-10-01,102.669998,105.779999,101.800003,103.410004,103.410004,272200000
1968-11-01,38.9805,5.82,1968-11-01,103.410004,109.089996,101.849998,108.370003,108.370003,251850000
1968-12-01,39.1036,6.02,1968-12-01,108.370003,109.370003,102.980003,103.860001,103.860001,267480000
1969-01-01,39.3402,6.30,1969-01-01,103.860001,104.870003,96.629997,103.010002,103.010002,266600000
1969-02-01,39.5919,6.61,1969-02-01,103.010002,104.610001,97.360001,98.129997,98.129997,207490000
1969-03-01,39.9024,6.79,1969-03-01,98.129997,102.349998,97.059998,101.510002,101.510002,199110000
1969-04-01,39.7555,7.41,1969-04-01,101.510002,104.559998,99.080002,103.690002,103.690002,236930000
1969-05-01,39.6053,8.67,1969-05-01,103.690002,106.739998,102.290001,103.459999,103.459999,256580000
1969-06-01,39.9922,8.90,1969-06-01,103.459999,103.750000,95.209999,97.709999,97.709999,235130000
1969-07-01,40.2033,8.61,1969-07-01,97.709999,100.330002,88.040001,91.830002,91.830002,228250000
1969-08-01,40.2957,9.19,1969-08-01,91.919998,96.430000,91.480003,95.510002,95.510002,201680000
1969-09-01,40.2867,9.15,1969-09-01,95.510002,96.620003,91.769997,93.120003,93.120003,219150000
1969-10-01,40.2985,9.00,1969-10-01,93.120003,98.830002,91.660004,97.120003,97.120003,310110000
1969-11-01,39.9186,8.85,1969-11-01,97.120003,99.230003,92.239998,93.809998,93.809998,213600000
1969-12-01,39.8115,8.97,1969-12-01,93.809998,94.470001,88.620003,92.059998,92.059998,272350000
1970-01-01,39.0743,8.98,1970-01-01,92.059998,94.250000,84.419998,85.019997,85.019997,221090000
1970-02-01,39.0485,8.98,1970-02-01,85.019997,90.330002,84.639999,89.500000,89.500000,228380000
1970-03-01,38.9978,7.76,1970-03-01,89.500000,91.070000,86.190002,89.629997,89.629997,212880000
1970-04-01,38.8975,8.10,1970-04-01,89.629997,90.699997,79.309998,81.519997,81.519997,223120000
1970-05-01,38.8522,7.94,1970-05-01,81.519997,82.320000,68.610001,76.550003,76.550003,258220000
1970-06-01,38.7265,7.60,1970-06-01,76.550003,79.959999,72.250000,72.720001,72.720001,226420000
1970-07-01,38.8216,7.21,1970-07-01,72.720001,79.029999,70.690002,78.050003,78.050003,227740000
1970-08-01,38.7524,6.61,1970-08-01,78.050003,82.470001,74.129997,81.519997,81.519997,218690000
1970-09-01,38.4852,6.29,1970-09-01,81.519997,84.989998,79.949997,84.300003,84.300003,303290000
1970-10-01,37.7154,6.20,1970-10-01,84.300003,87.750000,82.290001,83.250000,83.250000,261370000
1970-11-01,37.4870,5.60,1970-11-01,83.250000,87.599998,82.230003,87.199997,87.199997,230290000
1970-12-01,38.3479,4.90,1970-12-01,87.199997,92.989998,86.110001,92.150002,92.150002,335240000
1971-01-01,38.6429,4.14,1971-01-01,92.150002,96.489998,90.639999,95.879997,95.879997,348490000
1971-02-01,38.5692,3.72,1971-02-01,95.879997,99.589996,94.919998,96.750000,96.750000,371190000
1971-03-01,38.5274,3.71,1971-03-01,96.750000,102.029999,96.110001,100.309998,100.309998,389880000
1971-04-01,38.7438,4.15,1971-04-01,100.309998,105.599998,99.629997,103.949997,103.949997,401580000
1971-05-01,38.9404,4.63,1971-05-01,103.949997,104.419998,98.680000,99.629997,99.629997,307360000
1971-06-01,39.1037,4.91,1971-06-01,99.629997,102.070000,96.919998,98.699997,98.699997,303590000
1971-07-01,38.9902,5.31,1971-07-01,99.160004,101.519997,95.080002,95.580002,95.580002,265240000
1971-08-01,38.7639,5.56,1971-08-01,95.580002,101.510002,92.809998,99.029999,99.029999,320520000
1971-09-01,39.3939,5.55,1971-09-01,99.029999,102.250000,96.970001,98.339996,98.339996,252720000
1971-10-01,39.6888,5.20,1971-10-01,98.339996,100.959999,92.959999,94.230003,94.230003,280080000
1971-11-01,39.8572,4.91,1971-11-01,94.230003,96.080002,89.339996,93.989998,93.989998,276410000
1971-12-01,40.3174,4.14,1971-12-01,93.989998,102.209999,93.949997,102.089996,102.089996,377680000
1972-01-01,41.2866,3.50,1972-01-01,102.089996,105.000000,100.870003,103.940002,103.940002,379490000
1972-02-01,41.6800,3.29,1972-02-01,103.940002,107.160004,103.099998,106.570000,106.570000,376260000
1972-03-01,41.9758,3.83,1972-03-01,106.570000,109.750000,105.860001,107.199997,107.199997,403650000
1972-04-01,42.4207,4.17,1972-04-01,107.199997,111.110001,106.180000,107.669998,107.669998,367990000
1972-05-01,42.3956,4.27,1972-05-01,107.669998,111.480003,103.830002,109.529999,109.529999,335850000
1972-06-01,42.5178,4.46,1972-06-01,109.529999,110.510002,105.940002,107.139999,107.139999,314510000
1972-07-01,42.5004,4.55,1972-07-01,107.139999,110.269997,104.430000,107.389999,107.389999,288900000
1972-08-01,43.0644,4.80,1972-08-01,107.389999,113.449997,107.059998,111.089996,111.089996,356930000
1972-09-01,43.3948,4.87,1972-09-01,111.089996,112.120003,107.349998,110.550003,110.550003,246190000
1972-10-01,43.9709,5.04,1972-10-01,110.550003,112.260002,106.269997,111.580002,111.580002,317300000
1972-11-01,44.4866,5.06,1972-11-01,111.580002,117.910004,111.320000,116.669998,116.669998,405570000
1972-12-01,45.0000,5.33,1972-12-01,116.669998,119.790001,114.629997,118.050003,118.050003,344730000
1973-01-01,45.2914,5.94,1973-01-01,118.059998,121.739998,114.970001,116.029999,116.029999,393750000
1973-02-01,45.9647,6.58,1973-02-01,116.029999,118.980003,109.800003,111.680000,111.680000,318190000
1973-03-01,45.9868,7.09,1973-03-01,111.680000,115.610001,107.410004,111.519997,111.519997,343400000
1973-04-01,45.9274,7.12,1973-04-01,111.519997,113.650002,105.440002,106.970001,106.970001,277990000
1973-05-01,46.2184,7.84,1973-05-01,106.970001,112.250000,101.360001,104.949997,104.949997,337260000
1973-06-01,46.2516,8.49,1973-06-01,104.949997,109.519997,101.449997,104.260002,104.260002,268700000
1973-07-01,46.4427,10.40,1973-07-01,104.099998,111.040001,100.440002,108.220001,108.220001,307780000
1973-08-01,46.3634,10.50,1973-08-01,108.169998,108.169998,99.739998,104.250000,104.250000,274460000
1973-09-01,46.7782,10.78,1973-09-01,104.250000,110.449997,102.129997,108.430000,108.430000,329070000
1973-10-01,47.0944,10.01,1973-10-01,108.430000,112.820000,107.080002,108.290001,108.290001,422900000
1973-11-01,47.3422,10.03,1973-11-01,108.290001,109.199997,94.879997,95.959999,95.959999,399900000
1973-12-01,47.2312,9.95,1973-12-01,95.830002,99.089996,91.050003,97.550003,97.550003,384380000
1974-01-01,46.9002,9.65,1974-01-01,97.550003,100.940002,91.620003,96.570000,96.570000,363150000
1974-02-01,46.7547,8.97,1974-02-01,96.570000,97.430000,89.529999,96.220001,96.220001,256810000
1974-03-01,46.7680,9.35,1974-03-01,96.220001,101.050003,93.440002,93.980003,93.980003,309600000
1974-04-01,46.6012,10.51,1974-04-01,93.980003,95.419998,88.620003,90.309998,90.309998,254270000
1974-05-01,46.9779,11.31,1974-05-01,90.309998,93.589996,85.870003,87.279999,87.279999,275150000
1974-06-01,46.9246,11.93,1974-06-01,87.279999,93.760002,85.129997,86.000000,86.000000,245340000
1974-07-01,46.9465,12.92,1974-07-01,86.000000,86.889999,78.959999,79.309998,79.309998,274090000
1974-08-01,46.4902,12.01,1974-08-01,79.309998,83.529999,69.370003,72.150002,72.150002,280100000
1974-09-01,46.5124,11.34,1974-09-01,72.150002,73.010002,62.520000,63.540001,63.540001,280050000
1974-10-01,46.3395,10.06,1974-10-01,63.540001,75.900002,60.959999,73.900002,73.900002,377100000
1974-11-01,44.8159,9.45,1974-11-01,73.900002,77.410004,66.849998,69.970001,69.970001,286790000
1974-12-01,43.2364,8.53,1974-12-01,69.800003,69.800003,64.129997,68.559998,68.559998,315150000
1975-01-01,42.6437,7.13,1975-01-01,68.650002,78.690002,68.650002,76.980003,76.980003,432550000
1975-02-01,41.6572,6.24,1975-02-01,76.980003,83.559998,76.000000,81.589996,81.589996,423640000
1975-03-01,41.2130,5.54,1975-03-01,81.589996,87.080002,80.080002,83.360001,83.360001,453610000
1975-04-01,41.2483,5.49,1975-04-01,83.360001,88.790001,79.660004,87.300003,87.300003,451350000
1975-05-01,41.1540,5.22,1975-05-01,87.300003,93.510002,86.940002,91.150002,91.150002,457490000
1975-06-01,41.4216,5.55,1975-06-01,91.320000,95.849998,89.300003,95.190002,95.190002,447000000
1975-07-01,41.8198,6.10,1975-07-01,95.190002,96.580002,87.680000,88.750000,88.750000,441680000
1975-08-01,42.2548,6.14,1975-08-01,88.750000,89.040001,82.209999,86.879997,86.879997,281470000
1975-09-01,42.7754,6.24,1975-09-01,86.879997,87.419998,81.570000,83.870003,83.870003,275120000
1975-10-01,42.9700,5.82,1975-10-01,83.870003,91.750000,82.570000,89.040001,89.040001,365540000
1975-11-01,43.0627,5.22,1975-11-01,89.040001,92.330002,87.629997,91.239998,91.239998,318810000
1975-12-01,43.5959,5.20,1975-12-01,91.239998,91.900002,86.150002,90.190002,90.190002,348970000
1976-01-01,44.2338,4.87,1976-01-01,90.190002,101.989998,89.809998,100.860001,100.860001,635830000
1976-02-01,44.6687,4.77,1976-02-01,100.860001,103.070000,98.500000,99.709999,99.709999,596130000
1976-03-01,44.7103,4.84,1976-03-01,99.709999,104.389999,98.230003,102.769997,102.769997,529600000
1976-04-01,44.9525,4.82,1976-04-01,102.769997,104.629997,99.570000,101.639999,101.639999,392260000
1976-05-01,45.1731,5.29,1976-05-01,101.639999,103.989998,98.260002,100.180000,100.180000,355910000
1976-06-01,45.1831,5.48,1976-06-01,100.180000,105.070000,97.970001,104.279999,104.279999,417230000
1976-07-01,45.4519,5.31,1976-07-01,104.279999,106.779999,102.309998,103.440002,103.440002,393760000
1976-08-01,45.7737,5.29,1976-08-01,103.440002,105.410004,100.430000,102.910004,102.910004,346680000
1976-09-01,45.9055,5.25,1976-09-01,102.910004,108.720001,102.599998,105.239998,105.239998,414750000
1976-10-01,45.9220,5.02,1976-10-01,105.239998,105.750000,99.209999,102.900002,102.900002,361390000
1976-11-01,46.6016,4.95,1976-11-01,102.900002,103.779999,98.180000,102.099998,102.099998,381020000
1976-12-01,47.0857,4.65,1976-12-01,102.099998,107.820000,101.620003,107.459999,107.459999,534550000
1977-01-01,46.8261,4.61,1977-01-01,107.459999,107.970001,100.910004,102.029999,102.029999,501620000
1977-02-01,47.5387,4.68,1977-02-01,102.029999,103.320000,98.820000,99.820000,99.820000,398440000
1977-03-01,48.1302,4.69,1977-03-01,99.820000,102.699997,97.800003,98.419998,98.419998,434690000
1977-04-01,48.5780,4.73,1977-04-01,98.419998,102.070000,96.529999,98.440002,98.440002,403060000
1977-05-01,48.9881,5.35,1977-05-01,98.440002,100.930000,95.519997,96.120003,96.120003,425820000
1977-06-01,49.3428,5.39,1977-06-01,96.120003,101.650002,95.889999,100.480003,100.480003,485150000
1977-07-01,49.4131,5.42,1977-07-01,100.480003,102.570000,97.709999,98.849998,98.849998,452480000
1977-08-01,49.4274,5.90,1977-08-01,98.849998,99.839996,95.040001,96.769997,96.769997,433650000
1977-09-01,49.6665,6.14,1977-09-01,96.769997,98.430000,94.440002,96.529999,96.529999,383670000
1977-10-01,49.7589,6.47,1977-10-01,96.529999,97.269997,90.199997,92.339996,92.339996,413470000
1977-11-01,49.8149,6.51,1977-11-01,92.190002,97.110001,90.010002,94.830002,94.830002,494680000
1977-12-01,49.8936,6.56,1977-12-01,94.830002,95.669998,91.760002,95.099998,95.099998,450970000
1978-01-01,49.2047,6.70,1978-01-01,95.099998,95.150002,88.019997,89.250000,89.250000,428140000
1978-02-01,49.4519,6.78,1978-02-01,89.250000,91.320000,86.580002,87.040001,87.040001,368600000
1978-03-01,50.3920,6.79,1978-03-01,87.040001,91.349998,86.449997,89.209999,89.209999,497580000
1978-04-01,51.4438,6.89,1978-04-01,89.199997,97.910004,88.070000,96.830002,96.830002,695600000
1978-05-01,51.6239,7.36,1978-05-01,96.830002,100.320000,94.570000,97.239998,97.239998,775750000
1978-06-01,51.9809,7.60,1978-06-01,97.239998,101.839996,93.989998,95.529999,95.529999,666290000
1978-07-01,51.9572,7.81,1978-07-01,95.529999,101.180000,93.589996,100.680000,100.680000,541490000
1978-08-01,52.1531,8.04,1978-08-01,100.680000,106.269997,99.949997,103.290001,103.290001,864950000
1978-09-01,52.2862,8.45,1978-09-01,103.290001,108.050003,100.660004,102.540001,102.540001,672290000
1978-10-01,52.7031,8.96,1978-10-01,102.540001,106.230003,91.650002,93.150002,93.150002,682340000
1978-11-01,53.1001,9.76,1978-11-01,94.129997,97.410004,91.769997,94.699997,94.699997,514610000
1978-12-01,53.3889,10.03,1978-12-01,95.010002,98.580002,92.639999,96.110001,96.110001,492440000
1979-01-01,53.0435,10.07,1979-01-01,96.110001,102.589996,95.220001,99.930000,99.930000,615730000
1979-02-01,53.3331,10.06,1979-02-01,99.930000,100.519997,95.379997,96.279999,96.279999,475710000
1979-03-01,53.4972,10.09,1979-03-01,96.279999,103.309998,95.980003,101.589996,101.589996,649800000
1979-04-01,52.8947,10.01,1979-04-01,101.559998,103.949997,100.139999,101.760002,101.760002,620650000
1979-05-01,53.3176,10.24,1979-05-01,101.760002,102.570000,97.489998,99.080002,99.080002,623740000
1979-06-01,53.3158,10.29,1979-06-01,99.080002,103.669998,98.570000,102.910004,102.910004,735710000
1979-07-01,53.2432,10.47,1979-07-01,102.910004,105.169998,100.349998,103.809998,103.809998,680740000
1979-08-01,52.8891,10.94,1979-08-01,103.809998,109.839996,103.139999,109.320000,109.320000,825050000
1979-09-01,52.9468,11.43,1979-09-01,109.320000,111.580002,105.379997,109.320000,109.320000,713940000
1979-10-01,53.2382,13.77,1979-10-01,109.190002,112.160004,99.059998,101.820000,101.820000,857930000
1979-11-01,53.1886,13.18,1979-11-01,101.820000,107.889999,99.419998,106.160004,106.160004,653650000
1979-12-01,53.2612,13.78,1979-12-01,106.160004,110.330002,105.070000,107.940002,107.940002,710210000
1980-01-01,53.5021,13.82,1980-01-01,107.940002,117.169998,103.260002,114.160004,114.160004,1158240000
1980-02-01,53.5079,14.13,1980-02-01,114.160004,120.220001,111.330002,113.660004,113.660004,956530000
1980-03-01,53.3284,17.19,1980-03-01,113.660004,114.339996,94.230003,102.089996,102.089996,876450000
1980-04-01,52.2375,17.61,1980-04-01,102.089996,106.790001,98.949997,106.290001,106.290001,674140000
1980-05-01,50.9676,10.98,1980-05-01,106.290001,112.720001,103.500000,111.239998,111.239998,764920000
1980-06-01,50.3335,9.47,1980-06-01,111.239998,117.980003,109.769997,114.239998,114.239998,829660000
1980-07-01,49.9417,9.03,1980-07-01,114.239998,123.930000,113.540001,121.669998,121.669998,1021770000
1980-08-01,50.1226,9.61,1980-08-01,121.669998,127.779999,119.419998,122.379997,122.379997,965660000
1980-09-01,50.9338,10.87,1980-09-01,122.379997,132.169998,121.790001,125.459999,125.459999,1057710000
1980-10-01,51.5801,12.81,1980-10-01,125.459999,135.880005,124.660004,127.470001,127.470001,1031790000
1980-11-01,52.4731,15.85,1980-11-01,127.470001,141.960007,127.230003,140.520004,140.520004,988110000
1980-12-01,52.7676,18.90,1980-12-01,140.520004,140.660004,125.320000,135.759995,135.759995,1025650000
1981-01-01,52.4688,19.08,1981-01-01,135.759995,140.320007,128.570007,129.550003,129.550003,955520000
1981-02-01,52.2219,15.93,1981-02-01,129.479996,132.020004,124.660004,131.270004,131.270004,816310000
1981-03-01,52.5009,14.70,1981-03-01,131.270004,138.380005,128.559998,136.000000,136.000000,1174530000
1981-04-01,52.2665,15.72,1981-04-01,136.000000,137.720001,131.580002,132.809998,132.809998,1123470000
1981-05-01,52.5783,18.52,1981-05-01,132.809998,134.919998,128.779999,132.589996,132.589996,905430000
1981-06-01,52.8272,19.10,1981-06-01,132.589996,135.669998,128.770004,131.210007,131.210007,1100970000
1981-07-01,53.1722,19.04,1981-07-01,131.210007,131.779999,125.959999,130.919998,130.919998,953970000
1981-08-01,53.1672,17.82,1981-08-01,130.919998,135.179993,122.290001,122.790001,122.790001,920550000
1981-09-01,52.8548,15.87,1981-09-01,122.790001,124.580002,110.190002,116.180000,116.180000,959140000
1981-10-01,52.4951,15.08,1981-10-01,116.180000,123.279999,115.000000,121.889999,121.889999,997560000
1981-11-01,51.8972,13.31,1981-11-01,122.349998,126.970001,119.129997,126.349998,126.349998,987920000
1981-12-01,51.3277,12.37,1981-12-01,126.349998,127.320000,121.040001,122.550003,122.550003,959470000
1982-01-01,50.3077,13.22,1982-01-01,122.550003,123.720001,113.629997,120.400002,120.400002,968340000
1982-02-01,51.2996,14.78,1982-02-01,119.809998,119.809998,110.029999,113.110001,113.110001,972190000
1982-03-01,50.9105,14.68,1982-03-01,113.110001,114.800003,104.459999,111.959999,111.959999,1268690000
1982-04-01,50.4590,14.94,1982-04-01,111.959999,119.330002,111.480003,116.440002,116.440002,1136490000
1982-05-01,50.1366,14.45,1982-05-01,115.959999,119.919998,111.660004,111.879997,111.879997,1026460000
1982-06-01,49.9690,14.15,1982-06-01,111.970001,112.480003,107.010002,109.610001,109.610001,1110530000
1982-07-01,49.8127,12.59,1982-07-01,109.519997,112.389999,105.570000,107.089996,107.089996,1145190000
1982-08-01,49.3780,10.12,1982-08-01,107.709999,120.260002,102.199997,119.510002,119.510002,1672770000
1982-09-01,49.2276,10.31,1982-09-01,119.519997,126.430000,117.839996,120.419998,120.419998,1548040000
1982-10-01,48.7850,9.71,1982-10-01,120.400002,140.399994,120.150002,133.720001,133.720001,2068560000
1982-11-01,48.5953,9.20,1982-11-01,133.720001,144.360001,132.889999,138.529999,138.529999,1857040000
1982-12-01,48.2401,8.95,1982-12-01,138.559998,143.679993,134.789993,140.639999,140.639999,1682080000
1983-01-01,49.1748,8.68,1983-01-01,140.649994,148.360001,138.080002,145.300003,145.300003,1857600000
1983-02-01,48.8671,8.51,1983-02-01,145.289993,150.880005,141.899994,148.059998,148.059998,1615450000
1983-03-01,49.2655,8.77,1983-03-01,148.070007,155.020004,148.070007,152.960007,152.960007,1901920000
1983-04-01,49.8681,8.80,1983-04-01,152.919998,164.429993,150.169998,164.429993,164.429993,1786870000
1983-05-01,50.2070,8.63,1983-05-01,164.410004,166.990005,160.289993,162.389999,162.389999,1953130000
1983-06-01,50.5080,8.98,1983-06-01,162.380005,171.600006,160.800003,167.639999,167.639999,1973860000
1983-07-01,51.2740,9.37,1983-07-01,168.110001,170.720001,161.500000,162.559998,162.559998,1590170000
1983-08-01,51.8458,9.56,1983-08-01,162.339996,165.910004,158.500000,164.399994,164.399994,1706430000
1983-09-01,52.6317,9.45,1983-09-01,164.399994,170.410004,163.949997,166.070007,166.070007,1739810000
1983-10-01,53.0647,9.48,1983-10-01,165.990005,172.649994,162.860001,163.550003,163.550003,1794620000
1983-11-01,53.2564,9.34,1983-11-01,163.550003,168.070007,161.630005,166.399994,166.399994,1814610000
1983-12-01,53.5313,9.47,1983-12-01,166.369995,166.770004,161.580002,164.929993,164.929993,1848860000
1984-01-01,54.5975,9.56,1984-01-01,164.929993,169.539993,162.029999,163.410004,163.410004,2215660000
1984-02-01,54.8377,9.59,1984-02-01,163.410004,164.000000,152.130005,157.059998,157.059998,1932810000
1984-03-01,55.1047,9.91,1984-03-01,157.059998,160.460007,153.770004,159.179993,159.179993,1854920000
1984-04-01,55.4593,10.29,1984-04-01,159.179993,160.690002,154.119995,160.050003,160.050003,1717530000
1984-05-01,55.7123,10.32,1984-05-01,160.050003,162.110001,148.679993,150.550003,150.550003,1939550000
1984-06-01,55.9079,11.06,1984-06-01,150.550003,155.639999,148.529999,153.179993,153.179993,1812870000
1984-07-01,56.0852,11.23,1984-07-01,153.160004,153.869995,147.259995,150.660004,150.660004,1662200000
1984-08-01,56.1353,11.64,1984-08-01,150.660004,168.800003,150.660004,166.679993,166.679993,2526920000
1984-09-01,56.0340,11.30,1984-09-01,166.679993,169.649994,163.059998,166.100006,166.100006,1768660000
1984-10-01,55.9427,9.99,1984-10-01,166.100006,169.619995,160.020004,166.089996,166.089996,2110230000
1984-11-01,56.1631,9.43,1984-11-01,166.089996,170.410004,162.990005,163.580002,163.580002,1757280000
1984-12-01,56.2299,8.38,1984-12-01,163.580002,169.029999,161.539993,167.240005,167.240005,1781000000
1985-01-01,56.1365,8.35,1985-01-01,167.199997,180.270004,163.360001,179.630005,179.630005,2673710000
1985-02-01,56.3356,8.50,1985-02-01,179.630005,183.949997,177.750000,181.179993,181.179993,2194620000
1985-03-01,56.4232,8.58,1985-03-01,181.179993,183.889999,176.529999,180.660004,180.660004,2153090000
1985-04-01,56.2716,8.27,1985-04-01,180.660004,183.610001,177.860001,179.830002,179.830002,1981880000
1985-05-01,56.3525,7.97,1985-05-01,179.830002,189.979996,178.350006,189.550003,189.550003,2350340000
1985-06-01,56.3903,7.53,1985-06-01,189.550003,191.850006,185.029999,191.850006,191.850006,2117000000
1985-07-01,56.0242,7.88,1985-07-01,191.850006,196.070007,189.300003,190.919998,190.919998,2463070000
1985-08-01,56.2533,7.90,1985-08-01,190.919998,192.169998,186.100006,188.630005,188.630005,1923200000
1985-09-01,56.4939,7.92,1985-09-01,188.630005,188.800003,179.449997,182.080002,182.080002,1860160000
1985-10-01,56.2610,7.99,1985-10-01,182.059998,190.149994,181.160004,189.820007,189.820007,2543240000
1985-11-01,56.4503,8.05,1985-11-01,189.820007,203.399994,189.369995,202.169998,202.169998,2445370000
1985-12-01,57.0454,8.27,1985-12-01,202.169998,213.080002,200.100006,211.279999,211.279999,2804380000
1986-01-01,57.3112,8.14,1986-01-01,211.279999,214.570007,202.600006,211.779999,211.779999,2879010000
1986-02-01,56.9304,7.86,1986-02-01,211.779999,227.919998,210.820007,226.919998,226.919998,2899100000
1986-03-01,56.5414,7.48,1986-03-01,226.919998,240.110001,222.179993,238.899994,238.899994,3214600000
1986-04-01,56.5654,6.99,1986-04-01,238.899994,245.470001,226.300003,235.520004,235.520004,3240400000
1986-05-01,56.6850,6.85,1986-05-01,235.520004,249.190002,232.259995,247.350006,247.350006,2680240000
1986-06-01,56.4959,6.92,1986-06-01,246.039993,251.809998,238.229996,250.839996,250.839996,2649600000
1986-07-01,56.8096,6.56,1986-07-01,250.669998,253.199997,233.070007,236.119995,236.119995,3029900000
1986-08-01,56.7348,6.17,1986-08-01,236.119995,254.240005,231.919998,252.929993,252.929993,2701900000
1986-09-01,56.8483,5.89,1986-09-01,252.929993,254.130005,228.080002,231.320007,231.320007,3166300000
1986-10-01,57.1179,5.85,1986-10-01,231.320007,244.509995,231.320007,243.979996,243.979996,3016740000
1986-11-01,57.3826,6.04,1986-11-01,243.970001,249.220001,235.509995,249.220001,249.220001,2940830000
1986-12-01,57.8627,6.91,1986-12-01,249.220001,254.869995,241.279999,242.169998,242.169998,3260870000
1987-01-01,57.6873,6.43,1987-01-01,242.169998,280.959991,242.169998,274.079987,274.079987,4040880000
1987-02-01,58.4361,6.10,1987-02-01,274.079987,287.549988,273.160004,284.200012,284.200012,3485300000
1987-03-01,58.5202,6.13,1987-03-01,284.170013,302.720001,282.299988,291.700012,291.700012,3965100000
1987-04-01,58.8852,6.37,1987-04-01,291.589996,303.649994,275.670013,288.359985,288.359985,3931700000
1987-05-01,59.2656,6.85,1987-05-01,286.989990,298.690002,277.010010,290.100006,290.100006,3417700000
1987-06-01,59.5423,6.73,1987-06-01,290.119995,310.269989,286.929993,304.000000,304.000000,3595000000
1987-07-01,59.9560,6.58,1987-07-01,303.989990,318.850006,302.529999,318.660004,318.660004,3966400000
1987-08-01,60.4517,6.73,1987-08-01,318.619995,337.890015,314.510010,329.799988,329.799988,4062400000
1987-09-01,60.6087,7.22,1987-09-01,329.809998,332.179993,308.559998,321.829987,321.829987,3723200000
1987-10-01,61.4886,7.29,1987-10-01,321.829987,328.940002,216.460007,251.789993,251.789993,6094500000
1987-11-01,61.8151,6.69,1987-11-01,251.729996,257.209991,225.750000,230.300003,230.300003,3589530000
1987-12-01,62.1113,6.77,1987-12-01,230.320007,253.350006,221.240005,247.080002,247.080002,3926750000
1988-01-01,62.1393,6.83,1988-01-01,247.100006,261.779999,240.169998,257.070007,257.070007,3494700000
1988-02-01,62.4100,6.58,1988-02-01,257.049988,267.820007,247.820007,267.820007,267.820007,3693240000
1988-03-01,62.5464,6.58,1988-03-01,267.820007,272.640015,256.070007,258.890015,258.890015,4052970000
1988-04-01,62.8992,6.87,1988-04-01,258.890015,272.049988,254.710007,261.329987,261.329987,3260760000
1988-05-01,62.8182,7.09,1988-05-01,261.359985,263.700012,248.850006,262.160004,262.160004,3231370000
1988-06-01,62.9776,7.51,1988-06-01,262.160004,276.880005,262.100006,273.500000,273.500000,4306710000
1988-07-01,63.0040,7.75,1988-07-01,273.500000,276.359985,262.480011,272.019989,272.019989,3338470000
1988-08-01,63.2781,8.01,1988-08-01,272.029999,274.200012,256.529999,261.519989,261.519989,3327470000
1988-09-01,63.1080,8.19,1988-09-01,261.519989,274.869995,256.980011,271.910004,271.910004,3059450000
1988-10-01,63.4145,8.30,1988-10-01,271.890015,283.950012,268.839996,278.970001,278.970001,3415160000
1988-11-01,63.5171,8.35,1988-11-01,278.970001,280.369995,262.850006,273.700012,273.700012,2822820000
1988-12-01,63.8207,8.76,1988-12-01,273.679993,280.450012,270.470001,277.720001,277.720001,2844900000
1989-01-01,64.0114,9.12,1989-01-01,277.720001,297.510010,273.809998,297.470001,297.470001,3532220000
1989-02-01,63.7241,9.36,1989-02-01,297.470001,300.570007,286.260010,288.859985,288.859985,3216280000
1989-03-01,63.8694,9.85,1989-03-01,288.859985,299.989990,286.459991,294.869995,294.869995,3504530000
1989-04-01,63.9217,9.84,1989-04-01,294.869995,310.450012,294.350006,309.640015,309.640015,3237250000
1989-05-01,63.4806,9.81,1989-05-01,309.640015,323.059998,304.059998,320.519989,320.519989,3747320000
1989-06-01,63.5122,9.53,1989-06-01,320.510010,329.190002,314.380005,317.980011,317.980011,3966590000
1989-07-01,62.9479,9.24,1989-07-01,317.980011,346.079987,317.260010,346.079987,346.079987,3249030000
1989-08-01,63.5199,8.99,1989-08-01,346.079987,352.730011,339.000000,351.450012,351.450012,3949100000
1989-09-01,63.2966,9.02,1989-09-01,351.450012,354.130005,341.369995,349.149994,349.149994,3035020000
1989-10-01,63.2481,8.84,1989-10-01,349.149994,360.440002,327.119995,340.359985,340.359985,4012670000
1989-11-01,63.4576,8.55,1989-11-01,340.359985,346.500000,330.910004,345.989990,345.989990,3032160000
1989-12-01,63.8477,8.45,1989-12-01,346.010010,354.100006,339.630005,353.399994,353.399994,3213420000
1990-01-01,63.4171,8.23,1990-01-01,353.399994,360.589996,319.829987,329.079987,329.079987,3793250000
1990-02-01,64.0517,8.24,1990-02-01,329.079987,336.089996,322.100006,331.890015,331.890015,2961970000
1990-03-01,64.3607,8.28,1990-03-01,331.890015,344.489990,331.079987,339.940002,339.940002,3283280000
1990-04-01,64.2562,8.26,1990-04-01,339.940002,347.299988,327.760010,330.799988,330.799988,2801220000
1990-05-01,64.3971,8.18,1990-05-01,330.799988,362.260010,330.799988,361.230011,361.230011,3596680000
1990-06-01,64.6064,8.29,1990-06-01,361.260010,368.779999,351.230011,358.019989,358.019989,3226280000
1990-07-01,64.5289,8.15,1990-07-01,358.019989,369.779999,350.089996,356.149994,356.149994,3373540000
1990-08-01,64.7258,8.13,1990-08-01,356.149994,357.350006,306.179993,322.559998,322.559998,4020730000
1990-09-01,64.8148,8.20,1990-09-01,322.559998,326.529999,295.980011,306.049988,306.049988,2687280000
1990-10-01,64.3264,8.11,1990-10-01,306.100006,319.690002,294.510010,304.000000,304.000000,3671900000
1990-11-01,63.5713,7.81,1990-11-01,303.989990,323.019989,301.609985,322.220001,322.220001,3149770000
1990-12-01,63.1589,7.31,1990-12-01,322.230011,333.980011,321.970001,330.220001,330.220001,3116830000
1991-01-01,62.8801,6.91,1991-01-01,330.200012,343.929993,309.350006,343.929993,343.929993,3660240000
1991-02-01,62.4520,6.25,1991-02-01,343.910004,370.959991,340.369995,367.070007,367.070007,4303170000
1991-03-01,62.1200,6.12,1991-03-01,367.070007,379.660004,363.730011,375.220001,375.220001,3927920000
1991-04-01,62.2500,5.91,1991-04-01,375.220001,391.260010,370.269989,375.339996,375.339996,4017200000
1991-05-01,62.8714,5.78,1991-05-01,375.350006,389.850006,365.829987,389.829987,389.829987,3739700000
1991-06-01,63.4441,5.90,1991-06-01,389.809998,389.809998,367.980011,371.160004,371.160004,3258730000
1991-07-01,63.5106,5.82,1991-07-01,371.179993,387.809998,370.920013,387.809998,387.809998,3481570000
1991-08-01,63.5623,5.66,1991-08-01,387.809998,396.820007,374.089996,395.429993,395.429993,3713820000
1991-09-01,64.1234,5.45,1991-09-01,395.429993,397.619995,382.769989,387.859985,387.859985,3260990000
1991-10-01,64.0179,5.21,1991-10-01,387.859985,393.809998,376.109985,392.450012,392.450012,4082380000
1991-11-01,63.9427,4.81,1991-11-01,392.459991,398.220001,371.630005,375.220001,375.220001,3737620000
1991-12-01,63.6923,4.43,1991-12-01,375.109985,418.320007,371.359985,417.089996,417.089996,4155310000
1992-01-01,63.3372,4.03,1992-01-01,417.029999,421.179993,408.640015,408.779999,408.779999,5286280000
1992-02-01,63.7864,4.06,1992-02-01,408.790009,418.079987,406.339996,412.700012,412.700012,4267610000
1992-03-01,64.3199,3.98,1992-03-01,412.679993,413.779999,401.940002,403.690002,403.690002,4066240000
1992-04-01,64.8069,3.73,1992-04-01,403.670013,416.279999,392.410004,414.950012,414.950012,4315840000
1992-05-01,65.0202,3.82,1992-05-01,414.950012,418.750000,409.850006,415.350006,415.350006,3643980000
1992-06-01,65.0309,3.76,1992-06-01,415.350006,417.299988,399.920013,408.140015,408.140015,4259830000
1992-07-01,65.6155,3.25,1992-07-01,408.200012,424.799988,407.200012,424.209991,424.209991,4265220000
1992-08-01,65.2948,3.30,1992-08-01,424.190002,425.140015,408.299988,414.029999,414.029999,3653820000
1992-09-01,65.4461,3.22,1992-09-01,414.029999,425.269989,412.709991,417.799988,417.799988,4023850000
1992-10-01,65.9387,3.10,1992-10-01,417.799988,421.160004,396.799988,418.679993,418.679993,4507010000
1992-11-01,66.2219,3.09,1992-11-01,418.660004,431.929993,415.579987,431.350006,431.350006,4148770000
1992-12-01,66.2778,2.92,1992-12-01,431.350006,442.649994,428.609985,435.709991,435.709991,4876150000
1993-01-01,66.5650,3.02,1993-01-01,435.700012,442.660004,426.880005,438.779999,438.779999,5280850000
1993-02-01,66.8562,3.03,1993-02-01,438.779999,450.040009,428.250000,443.380005,443.380005,5442450000
1993-03-01,66.7661,3.07,1993-03-01,443.380005,456.760010,441.070007,451.670013,451.670013,5766950000
1993-04-01,66.9976,2.96,1993-04-01,451.670013,452.630005,432.299988,440.190002,440.190002,5853170000
1993-05-01,66.7645,3.00,1993-05-01,440.190002,454.549988,436.859985,450.190002,450.190002,5108640000
1993-06-01,66.8782,3.04,1993-06-01,450.230011,455.630005,442.500000,450.529999,450.529999,5544400000
1993-07-01,67.0843,3.06,1993-07-01,450.540009,451.149994,441.399994,448.130005,448.130005,5308530000
1993-08-01,67.0144,3.03,1993-08-01,448.130005,463.559998,446.940002,463.559998,463.559998,5506200000
1993-09-01,67.3337,3.09,1993-09-01,463.549988,463.799988,449.640015,458.929993,458.929993,5552720000
1993-10-01,67.8513,2.99,1993-10-01,458.929993,471.100006,456.399994,467.829987,467.829987,5940460000
1993-11-01,68.1384,3.02,1993-11-01,467.829987,469.109985,454.359985,461.790009,461.790009,5876610000
1993-12-01,68.5029,2.96,1993-12-01,461.929993,471.290009,461.450012,466.450012,466.450012,5791210000
1994-01-01,68.7602,3.05,1994-01-01,466.510010,482.850006,464.359985,481.609985,481.609985,6627390000
1994-02-01,68.7808,3.25,1994-02-01,481.600006,482.230011,464.260010,467.140015,467.140015,5853100000
1994-03-01,69.4762,3.34,1994-03-01,467.190002,471.089996,436.160004,445.769989,445.769989,7225010000
1994-04-01,69.8715,3.56,1994-04-01,445.660004,452.790009,435.859985,450.910004,450.910004,5735010000
1994-05-01,70.2259,4.01,1994-05-01,450.910004,457.769989,440.779999,456.500000,456.500000,5675970000
1994-06-01,70.6759,4.25,1994-06-01,456.500000,463.230011,439.829987,444.269989,444.269989,5852670000
1994-07-01,70.7851,4.26,1994-07-01,444.269989,459.329987,443.579987,458.260010,458.260010,4980100000
1994-08-01,71.2069,4.47,1994-08-01,458.279999,477.589996,456.079987,475.489990,475.489990,6398750000
1994-09-01,71.4768,4.73,1994-09-01,475.489990,475.489990,458.470001,462.709991,462.709991,6152870000
1994-10-01,72.0827,4.76,1994-10-01,462.690002,474.739990,449.269989,472.350006,472.350006,6344700000
1994-11-01,72.5328,5.29,1994-11-01,472.260010,472.260010,444.179993,453.690002,453.690002,6251240000
1994-12-01,73.2862,5.45,1994-12-01,453.549988,462.730011,442.880005,459.269989,459.269989,6351530000
1995-01-01,73.4173,5.53,1995-01-01,459.209991,471.359985,457.200012,470.420013,470.420013,6852060000
1995-02-01,73.3112,5.92,1995-02-01,470.420013,489.190002,469.290009,487.390015,487.390015,6330100000
1995-03-01,73.4086,5.98,1995-03-01,487.390015,508.149994,479.700012,500.709991,500.709991,7792400000
1995-04-01,73.3603,6.05,1995-04-01,500.700012,515.289978,500.200012,514.710022,514.710022,6307030000
1995-05-01,73.6079,6.01,1995-05-01,514.760010,533.409973,513.030029,533.400024,533.400024,7555690000
1995-06-01,73.8595,6.00,1995-06-01,533.400024,551.070007,526.000000,544.750000,544.750000,7555650000
1995-07-01,73.5675,5.85,1995-07-01,544.750000,565.400024,542.510010,562.059998,562.059998,7307960000
1995-08-01,74.4969,5.74,1995-08-01,562.059998,565.619995,553.039978,561.880005,561.880005,7146620000
1995-09-01,74.7941,5.80,1995-09-01,561.880005,587.609985,561.010010,584.409973,584.409973,7052830000
1995-10-01,74.7015,5.76,1995-10-01,584.409973,590.659973,571.549988,581.500000,581.500000,8043320000
1995-11-01,74.8864,5.80,1995-11-01,581.500000,608.690002,581.039978,605.369995,605.369995,7602150000
1995-12-01,75.1739,5.60,1995-12-01,605.369995,622.880005,605.049988,615.929993,615.929993,7697540000
1996-01-01,74.6833,5.56,1996-01-01,615.929993,636.179993,597.289978,636.020020,636.020020,9188050000
1996-02-01,75.8433,5.22,1996-02-01,636.020020,664.229980,633.710022,640.429993,640.429993,8749960000
1996-03-01,75.7631,5.31,1996-03-01,640.429993,656.969971,627.630005,645.500000,645.500000,8984200000
1996-04-01,76.4596,5.22,1996-04-01,645.500000,656.679993,624.140015,654.169983,654.169983,8875580000
1996-05-01,77.0169,5.24,1996-05-01,654.169983,681.099976,630.070007,669.119995,669.119995,8921140000
1996-06-01,77.6676,5.27,1996-06-01,669.119995,680.320007,658.750000,670.630005,670.630005,7930840000
1996-07-01,77.5653,5.40,1996-07-01,670.630005,675.880005,605.880005,639.950012,639.950012,8849860000
1996-08-01,78.0121,5.22,1996-08-01,639.950012,670.679993,639.489990,651.989990,651.989990,7380320000
1996-09-01,78.5488,5.30,1996-09-01,651.989990,690.880005,643.969971,687.330017,687.330017,8064070000
1996-10-01,78.5060,5.24,1996-10-01,687.309998,714.099976,684.440002,705.270020,705.270020,9703670000
1996-11-01,79.1955,5.31,1996-11-01,705.270020,762.119995,701.299988,757.020020,757.020020,8763850000
1996-12-01,79.7144,5.29,1996-12-01,757.020020,761.750000,716.690002,740.739990,740.739990,9089170000
1997-01-01,79.8239,5.25,1997-01-01,740.739990,794.669983,729.549988,786.159973,786.159973,11635830000
1997-02-01,80.7816,5.19,1997-02-01,786.159973,817.679993,773.429993,790.820007,790.820007,9715930000
1997-03-01,81.3388,5.39,1997-03-01,790.820007,814.900024,756.130005,757.119995,757.119995,10120760000
1997-04-01,81.3611,5.51,1997-04-01,757.119995,804.130005,733.539978,801.340027,801.340027,10454880000
1997-05-01,81.8326,5.50,1997-05-01,801.340027,851.869995,793.210022,848.280029,848.280029,10106650000
1997-06-01,82.2309,5.56,1997-06-01,848.280029,902.090027,838.820007,885.140015,885.140015,10857950000
1997-07-01,82.8500,5.52,1997-07-01,885.140015,957.729980,884.539978,954.309998,954.309998,11958120000
1997-08-01,83.7172,5.54,1997-08-01,954.289978,964.169983,893.340027,899.469971,899.469971,10606100000
1997-09-01,84.4629,5.54,1997-09-01,899.469971,960.590027,899.469971,947.280029,947.280029,11383000000
1997-10-01,85.1968,5.50,1997-10-01,947.280029,983.119995,855.270020,914.619995,914.619995,14017260000
1997-11-01,85.9458,5.52,1997-11-01,914.619995,964.549988,900.609985,955.400024,955.400024,10173620000
1997-12-01,86.2054,5.50,1997-12-01,955.400024,986.250000,924.919983,970.429993,970.429993,11958880000
1998-01-01,86.6558,5.56,1998-01-01,970.429993,992.650024,912.830017,980.280029,980.280029,12733830000
1998-02-01,86.7556,5.51,1998-02-01,980.280029,1051.660034,980.280029,1049.339966,1049.339966,11656550000
1998-03-01,86.8196,5.49,1998-03-01,1049.339966,1113.069946,1030.869995,1101.750000,1101.750000,13719590000
1998-04-01,87.1345,5.45,1998-04-01,1101.750000,1132.979980,1076.699951,1111.750000,1111.750000,13656060000
1998-05-01,87.6936,5.49,1998-05-01,1111.750000,1130.520020,1074.390015,1090.819946,1090.819946,11477140000
1998-06-01,87.1421,5.56,1998-06-01,1090.819946,1145.150024,1074.670044,1133.839966,1133.839966,13551970000
1998-07-01,86.8414,5.54,1998-07-01,1133.839966,1190.579956,1114.300049,1120.670044,1120.670044,14194800000
1998-08-01,88.6266,5.55,1998-08-01,1120.670044,1121.790039,957.280029,957.280029,957.280029,15071550000
1998-09-01,88.4562,5.51,1998-09-01,957.280029,1066.109985,939.979980,1017.010010,1017.010010,16714080000
1998-10-01,89.1686,5.07,1998-10-01,1017.010010,1103.780029,923.320007,1098.670044,1098.670044,18001650000
1998-11-01,89.1127,4.83,1998-11-01,1098.670044,1192.969971,1098.670044,1163.630005,1163.630005,13451280000
1998-12-01,89.4388,4.68,1998-12-01,1163.630005,1244.930054,1136.890015,1229.229980,1229.229980,15181450000
1999-01-01,89.8617,4.63,1999-01-01,1229.229980,1280.369995,1205.459961,1279.640015,1279.640015,16213500000
1999-02-01,90.3253,4.76,1999-02-01,1279.640015,1283.839966,1211.890015,1238.329956,1238.329956,14555860000
1999-03-01,90.4709,4.81,1999-03-01,1238.329956,1323.819946,1216.030029,1286.369995,1286.369995,18002500000
1999-04-01,90.7285,4.74,1999-04-01,1286.369995,1371.560059,1282.560059,1335.180054,1335.180054,18523200000
1999-05-01,91.3499,4.74,1999-05-01,1335.180054,1375.979980,1277.310059,1301.839966,1301.839966,15880260000
1999-06-01,91.1990,4.76,1999-06-01,1301.839966,1372.930054,1277.469971,1372.709961,1372.709961,16079170000
1999-07-01,91.7767,4.99,1999-07-01,1372.709961,1420.329956,1328.489990,1328.719971,1328.719971,15332930000
1999-08-01,92.1675,5.07,1999-08-01,1328.719971,1382.839966,1267.729980,1320.410034,1320.410034,15818550000
1999-09-01,91.7812,5.22,1999-09-01,1320.410034,1361.390015,1256.260010,1282.709961,1282.709961,16438700000
1999-10-01,92.9976,5.20,1999-10-01,1282.709961,1373.170044,1233.699951,1362.930054,1362.930054,18832000000
1999-11-01,93.4440,5.42,1999-11-01,1362.930054,1425.310059,1346.410034,1388.910034,1388.910034,18384820000
1999-12-01,94.1555,5.30,1999-12-01,1388.910034,1473.099976,1387.380005,1469.250000,1469.250000,19640690000
2000-01-01,94.1717,5.45,2000-01-01,1469.250000,1478.000000,1350.140015,1394.459961,1394.459961,21494400000
2000-02-01,94.4329,5.73,2000-02-01,1394.459961,1444.550049,1325.069946,1366.420044,1366.420044,20912000000
2000-03-01,94.7926,5.85,2000-03-01,1366.420044,1552.869995,1346.619995,1498.579956,1498.579956,26156200000
2000-04-01,95.4898,6.02,2000-04-01,1498.579956,1527.189941,1339.400024,1452.430054,1452.430054,20106460000
2000-05-01,95.6421,6.27,2000-05-01,1452.430054,1481.510010,1361.089966,1420.599976,1420.599976,19898300000
2000-06-01,95.7364,6.53,2000-06-01,1420.599976,1488.930054,1420.599976,1454.599976,1454.599976,21738300000
2000-07-01,95.5982,6.54,2000-07-01,1454.599976,1517.319946,1413.890015,1430.829956,1430.829956,19089100000
2000-08-01,95.3172,6.50,2000-08-01,1430.829956,1525.209961,1425.430054,1517.680054,1517.680054,20363700000
2000-09-01,95.6844,6.52,2000-09-01,1517.680054,1530.089966,1419.439941,1436.510010,1436.510010,20838300000
2000-10-01,95.3974,6.51,2000-10-01,1436.520020,1454.819946,1305.790039,1429.400024,1429.400024,25951400000
2000-11-01,95.4158,6.51,2000-11-01,1429.400024,1438.459961,1294.900024,1314.949951,1314.949951,20532300000
2000-12-01,95.1619,6.40,2000-12-01,1314.949951,1389.050049,1254.069946,1320.280029,1320.280029,23610800000
2001-01-01,94.5502,5.98,2001-01-01,1320.280029,1383.369995,1274.619995,1366.010010,1366.010010,27829800000
2001-02-01,93.9755,5.49,2001-02-01,1366.010010,1376.380005,1215.439941,1239.939941,1239.939941,21644400000
2001-03-01,93.7253,5.31,2001-03-01,1239.939941,1267.420044,1081.189941,1160.329956,1160.329956,27806610000
2001-04-01,93.4567,4.8,2001-04-01,1160.329956,1269.300049,1091.989990,1249.459961,1249.459961,25409990000
2001-05-01,92.8842,4.21,2001-05-01,1249.459961,1315.930054,1232.000000,1255.819946,1255.819946,24525900000
2001-06-01,92.3317,3.97,2001-06-01,1255.819946,1286.619995,1203.030029,1224.380005,1224.380005,24748030000
2001-07-01,91.8098,3.77,2001-07-01,1224.420044,1239.780029,1165.540039,1211.229980,1211.229980,23793710000
2001-08-01,91.6849,3.65,2001-08-01,1211.229980,1226.270020,1124.869995,1133.579956,1133.579956,23359200000
2001-09-01,91.3345,3.07,2001-09-01,1133.579956,1155.400024,944.750000,1040.939941,1040.939941,25025290000
2001-10-01,90.9389,2.49,2001-10-01,1040.939941,1110.609985,1026.760010,1059.780029,1059.780029,29951280000
2001-11-01,90.4853,2.09,2001-11-01,1059.780029,1163.380005,1054.310059,1139.449951,1139.449951,26330000000
2001-12-01,90.5150,1.82,2001-12-01,1139.449951,1173.619995,1114.530029,1148.079956,1148.079956,25128570000
2002-01-01,91.0881,1.73,2002-01-01,1148.079956,1176.969971,1081.660034,1130.199951,1130.199951,29746200000
2002-02-01,91.0698,1.74,2002-02-01,1130.199951,1130.199951,1074.359985,1106.729980,1106.729980,26047600000
2002-03-01,91.8012,1.73,2002-03-01,1106.729980,1173.939941,1106.729980,1147.390015,1147.390015,26563200000
2002-04-01,92.1815,1.75,2002-04-01,1147.390015,1147.839966,1063.459961,1076.920044,1076.920044,28568900000
2002-05-01,92.5668,1.75,2002-05-01,1076.920044,1106.589966,1048.959961,1067.140015,1067.140015,26905500000
2002-06-01,93.4503,1.75,2002-06-01,1067.140015,1070.739990,952.919983,989.820007,989.820007,29981510000
2002-07-01,93.2282,1.73,2002-07-01,989.820007,994.460022,775.679993,911.619995,911.619995,42228720000
2002-08-01,93.2270,1.74,2002-08-01,911.619995,965.000000,833.440002,916.070007,916.070007,29298400000
2002-09-01,93.3597,1.75,2002-09-01,916.070007,924.020020,800.200012,815.280029,815.280029,27723710000
2002-10-01,93.0804,1.75,2002-10-01,815.280029,907.440002,768.630005,885.760010,885.760010,37856310000
2002-11-01,93.5589,1.34,2002-11-01,885.760010,941.820007,872.049988,936.309998,936.309998,29200960000
2002-12-01,93.1088,1.24,2002-12-01,936.309998,954.280029,869.450012,879.820007,879.820007,25993640000
2003-01-01,93.6494,1.24,2003-01-01,879.820007,935.049988,840.340027,855.700012,855.700012,30749580000
2003-02-01,93.9475,1.26,2003-02-01,855.700012,864.640015,806.289978,841.150024,841.150024,25235300000
2003-03-01,93.7350,1.25,2003-03-01,841.150024,895.900024,788.900024,848.179993,848.179993,30080030000
2003-04-01,93.0815,1.26,2003-04-01,848.179993,924.239990,847.849976,916.919983,916.919983,29669610000
2003-05-01,93.1002,1.26,2003-05-01,916.919983,965.380005,902.830017,963.590027,963.590027,30952100000
2003-06-01,93.2544,1.22,2003-06-01,963.590027,1015.330017,963.590027,974.500000,974.500000,31219400000
2003-07-01,93.6579,1.01,2003-07-01,974.500000,1015.409973,962.099976,990.309998,990.309998,31553200000
2003-08-01,93.5162,1.03,2003-08-01,990.309998,1011.010010,960.840027,1008.010010,1008.010010,24881470000
2003-09-01,94.0695,1.01,2003-09-01,1008.010010,1040.290039,990.359985,995.969971,995.969971,29940110000
2003-10-01,94.2091,1.01,2003-10-01,995.969971,1053.790039,995.969971,1050.709961,1050.709961,32298500000
2003-11-01,94.9370,1.00,2003-11-01,1050.709961,1063.650024,1031.199951,1058.199951,1058.199951,24463220000
2003-12-01,94.8627,0.98,2003-12-01,1058.199951,1112.560059,1053.410034,1111.920044,1111.920044,27839130000
2004-01-01,95.1113,1.00,2004-01-01,1111.920044,1155.380005,1105.079956,1131.130005,1131.130005,32820000000
2004-02-01,95.6793,1.01,2004-02-01,1131.130005,1158.979980,1124.439941,1144.939941,1144.939941,27985600000
2004-03-01,95.2063,1.00,2004-03-01,1144.939941,1163.229980,1087.160034,1126.209961,1126.209961,33597900000
2004-04-01,95.6346,1.00,2004-04-01,1126.209961,1150.569946,1107.229980,1107.300049,1107.300049,31611900000
2004-05-01,96.3952,1.00,2004-05-01,1107.300049,1127.739990,1076.319946,1120.680054,1120.680054,29326400000
2004-06-01,95.6045,1.03,2004-06-01,1120.680054,1146.339966,1113.319946,1140.839966,1140.839966,27529500000
2004-07-01,96.3379,1.26,2004-07-01,1140.839966,1140.839966,1078.780029,1101.719971,1101.719971,29285600000
2004-08-01,96.4107,1.43,2004-08-01,1101.719971,1109.680054,1060.719971,1104.239990,1104.239990,26586800000
2004-09-01,96.4943,1.61,2004-09-01,1104.239990,1131.540039,1099.180054,1114.579956,1114.579956,26829870000
2004-10-01,97.4107,1.76,2004-10-01,1114.579956,1142.050049,1090.290039,1130.199951,1130.199951,31511000000
2004-11-01,97.6207,1.93,2004-11-01,1130.199951,1188.459961,1127.599976,1173.819946,1173.819946,30460280000
2004-12-01,98.3284,2.16,2004-12-01,1173.780029,1217.329956,1173.780029,1211.920044,1211.920044,31102500000
2005-01-01,98.7904,2.28,2005-01-01,1211.920044,1217.800049,1163.750000,1181.270020,1181.270020,31498800000
2005-02-01,99.4550,2.50,2005-02-01,1181.270020,1212.439941,1180.949951,1203.599976,1203.599976,29297410000
2005-03-01,99.3156,2.63,2005-03-01,1203.599976,1229.109985,1163.689941,1180.589966,1180.589966,39014150000
2005-04-01,99.4648,2.79,2005-04-01,1180.589966,1191.880005,1136.150024,1156.849976,1156.849976,43424270000
2005-05-01,99.5970,3.00,2005-05-01,1156.849976,1199.560059,1146.180054,1191.500000,1191.500000,39321990000
2005-06-01,99.9838,3.04,2005-06-01,1191.500000,1219.589966,1188.300049,1191.329956,1191.329956,40334040000
2005-07-01,99.6737,3.26,2005-07-01,1191.329956,1245.150024,1183.550049,1234.180054,1234.180054,37464670000
2005-08-01,99.9451,3.50,2005-08-01,1234.180054,1245.859985,1201.069946,1220.329956,1220.329956,42030090000
2005-09-01,98.0824,3.62,2005-09-01,1220.329956,1243.130005,1205.349976,1228.810059,1228.810059,44777510000
2005-10-01,99.3185,3.78,2005-10-01,1228.810059,1233.339966,1168.199951,1207.010010,1207.010010,49793790000
2005-11-01,100.3282,4.00,2005-11-01,1207.010010,1270.640015,1201.069946,1249.479980,1249.479980,45102870000
2005-12-01,100.9458,4.16,2005-12-01,1249.479980,1275.800049,1246.589966,1248.290039,1248.290039,41756130000
2006-01-01,101.0637,4.29,2006-01-01,1248.290039,1294.900024,1245.739990,1280.079956,1280.079956,49211650000
2006-02-01,101.0761,4.49,2006-02-01,1280.079956,1297.569946,1253.609985,1280.660034,1280.660034,42859940000
2006-03-01,101.2742,4.59,2006-03-01,1280.660034,1310.880005,1268.420044,1294.869995,1294.869995,50905040000
2006-04-01,101.6854,4.79,2006-04-01,1302.880005,1318.160034,1280.739990,1310.609985,1310.609985,43308430000
2006-05-01,101.5801,4.94,2006-05-01,1310.609985,1326.699951,1245.339966,1270.089966,1270.089966,54312830000
2006-06-01,101.9746,4.99,2006-06-01,1270.050049,1290.680054,1219.290039,1270.199951,1270.199951,54873260000
2006-07-01,101.9374,5.24,2006-07-01,1270.060059,1280.420044,1224.540039,1276.660034,1276.660034,46348220000
2006-08-01,102.3309,5.25,2006-08-01,1278.530029,1306.739990,1261.300049,1303.819946,1303.819946,50485620000
2006-09-01,102.1204,5.25,2006-09-01,1303.800049,1340.280029,1290.930054,1335.849976,1335.849976,49001440000
2006-10-01,102.0653,5.25,2006-10-01,1335.819946,1389.449951,1327.099976,1377.939941,1377.939941,56793620000
2006-11-01,101.9538,5.25,2006-11-01,1377.760010,1407.890015,1360.979980,1400.630005,1400.630005,55343930000
2006-12-01,103.0260,5.24,2006-12-01,1400.630005,1431.810059,1385.930054,1418.300049,1418.300049,47578780000
2007-01-01,102.4915,5.25,2007-01-01,1418.030029,1441.609985,1403.969971,1438.239990,1438.239990,56686200000
2007-02-01,103.5443,5.26,2007-02-01,1437.900024,1461.569946,1389.420044,1406.819946,1406.819946,51844990000
2007-03-01,103.7537,5.26,2007-03-01,1406.800049,1438.890015,1363.979980,1420.859985,1420.859985,67622250000
2007-04-01,104.5018,5.25,2007-04-01,1420.829956,1498.020020,1416.369995,1482.369995,1482.369995,57032470000
2007-05-01,104.5419,5.25,2007-05-01,1482.369995,1535.560059,1476.699951,1530.619995,1530.619995,64958050000
2007-06-01,104.5669,5.25,2007-06-01,1530.619995,1540.560059,1484.180054,1503.349976,1503.349976,65322800000
2007-07-01,104.5217,5.26,2007-07-01,1504.660034,1555.900024,1454.250000,1455.270020,1455.270020,70337430000
2007-08-01,104.7387,5.02,2007-08-01,1455.180054,1503.890015,1370.599976,1473.989990,1473.989990,91381760000
2007-09-01,105.1499,4.94,2007-09-01,1473.959961,1538.739990,1439.290039,1526.750000,1526.750000,57809700000
2007-10-01,104.7167,4.76,2007-10-01,1527.290039,1576.089966,1489.560059,1549.380005,1549.380005,76022580000
2007-11-01,105.3037,4.49,2007-11-01,1545.790039,1545.790039,1406.099976,1481.140015,1481.140015,86246950000
2007-12-01,105.3530,4.24,2007-12-01,1479.630005,1523.569946,1435.650024,1468.359985,1468.359985,64821670000
2008-01-01,105.0730,3.94,2008-01-01,1467.969971,1471.770020,1270.050049,1378.550049,1378.550049,98475340000
2008-02-01,104.7137,2.98,2008-02-01,1378.599976,1396.020020,1316.750000,1330.630005,1330.630005,78536130000
2008-03-01,104.4635,2.61,2008-03-01,1330.449951,1359.680054,1256.979980,1322.699951,1322.699951,93189170000
2008-04-01,103.6727,2.28,2008-04-01,1326.410034,1404.569946,1324.349976,1385.589966,1385.589966,85978630000
2008-05-01,103.0850,1.98,2008-05-01,1385.969971,1440.239990,1373.069946,1400.380005,1400.380005,80990480000
2008-06-01,102.8361,2.00,2008-06-01,1399.619995,1404.050049,1272.000000,1280.000000,1280.000000,96614040000
2008-07-01,102.2939,2.01,2008-07-01,1276.689941,1292.170044,1200.439941,1267.380005,1267.380005,124980570000
2008-08-01,100.7209,2.00,2008-08-01,1269.420044,1313.150024,1247.449951,1282.829956,1282.829956,86266010000
2008-09-01,96.3567,1.81,2008-09-01,1287.829956,1303.040039,1106.420044,1166.359985,1166.359985,140007320000
2008-10-01,97.2844,0.97,2008-10-01,1164.170044,1167.030029,839.799988,968.750000,968.750000,159823030000
2008-11-01,96.0552,0.39,2008-11-01,968.669983,1007.510010,741.020020,896.239990,896.239990,115660210000
2008-12-01,93.2520,0.16,2008-12-01,888.609985,918.849976,815.690002,903.250000,903.250000,112884470000
2009-01-01,91.0332,0.15,2009-01-01,902.989990,943.849976,804.299988,825.880005,825.880005,112090640000
2009-02-01,90.4375,0.22,2009-02-01,823.090027,875.010010,734.520020,735.090027,735.090027,124492210000
2009-03-01,89.0085,0.18,2009-03-01,729.570007,832.979980,666.789978,797.869995,797.869995,161843640000
2009-04-01,88.2959,0.15,2009-04-01,793.590027,888.700012,783.320007,872.809998,872.809998,138855320000
2009-05-01,87.4078,0.18,2009-05-01,872.739990,930.169983,866.099976,919.140015,919.140015,131614940000
2009-06-01,87.0694,0.21,2009-06-01,923.260010,956.229980,888.859985,919.320007,919.320007,112653150000
2009-07-01,88.0285,0.16,2009-07-01,920.820007,996.679993,869.320007,987.479980,987.479980,106635790000
2009-08-01,89.0244,0.16,2009-08-01,990.219971,1039.469971,978.510010,1020.619995,1020.619995,116059270000
2009-09-01,89.6975,0.15,2009-09-01,1019.520020,1080.150024,991.969971,1057.079956,1057.079956,112295490000
2009-10-01,89.9906,0.12,2009-10-01,1054.910034,1101.359985,1019.950012,1036.189941,1036.189941,113410990000
2009-11-01,90.3515,0.12,2009-11-01,1036.180054,1113.689941,1029.380005,1095.630005,1095.630005,84981530000
2009-12-01,90.6212,0.12,2009-12-01,1098.890015,1130.380005,1085.890015,1115.099976,1115.099976,89515330000
2010-01-01,91.6849,0.11,2010-01-01,1116.560059,1150.449951,1071.589966,1073.869995,1073.869995,90947580000
2010-02-01,92.0073,0.13,2010-02-01,1073.890015,1112.420044,1044.500000,1104.489990,1104.489990,84561340000
2010-03-01,92.6104,0.16,2010-03-01,1105.359985,1180.689941,1105.359985,1169.430054,1169.430054,103683550000
2010-04-01,92.9600,0.20,2010-04-01,1171.229980,1219.800049,1170.689941,1186.689941,1186.689941,116741910000
2010-05-01,94.2988,0.20,2010-05-01,1188.579956,1205.130005,1040.780029,1089.410034,1089.410034,127662780000
2010-06-01,94.4319,0.18,2010-06-01,1087.300049,1131.229980,1028.329956,1030.709961,1030.709961,110106750000
2010-07-01,94.8360,0.18,2010-07-01,1031.099976,1120.949951,1010.909973,1101.599976,1101.599976,94778110000
2010-08-01,95.1423,0.19,2010-08-01,1107.530029,1129.239990,1039.699951,1049.329956,1049.329956,85738250000
2010-09-01,95.3500,0.19,2010-09-01,1049.719971,1157.160034,1049.719971,1141.199951,1141.199951,79589450000
2010-10-01,95.0991,0.19,2010-10-01,1143.489990,1196.140015,1131.869995,1183.260010,1183.260010,89536270000
2010-11-01,95.1376,0.19,2010-11-01,1185.709961,1227.079956,1173.000000,1180.550049,1180.550049,87151070000
2010-12-01,96.0339,0.18,2010-12-01,1186.599976,1262.599976,1186.599976,1257.640015,1257.640015,80984530000
2011-01-01,95.9363,0.17,2011-01-01,1257.619995,1302.670044,1257.619995,1286.119995,1286.119995,92164940000
2011-02-01,95.5147,0.16,2011-02-01,1289.140015,1344.069946,1289.140015,1327.219971,1327.219971,59223660000
2011-03-01,96.4651,0.14,2011-03-01,1328.640015,1332.280029,1249.050049,1325.829956,1325.829956,89507640000
2011-04-01,96.1325,0.10,2011-04-01,1329.479980,1364.560059,1294.699951,1363.609985,1363.609985,77364810000
2011-05-01,96.3347,0.09,2011-05-01,1365.209961,1370.579956,1311.800049,1345.199951,1345.199951,81708980000
2011-06-01,96.5889,0.09,2011-06-01,1345.199951,1345.199951,1258.069946,1320.640015,1320.640015,86122730000
2011-07-01,97.1011,0.07,2011-07-01,1320.640015,1356.479980,1282.859985,1292.280029,1292.280029,81102170000
2011-08-01,97.6642,0.10,2011-08-01,1292.589966,1307.380005,1101.540039,1218.890015,1218.890015,108419170000
2011-09-01,97.6132,0.08,2011-09-01,1219.119995,1229.290039,1114.219971,1131.420044,1131.420044,102786820000
2011-10-01,98.2931,0.07,2011-10-01,1131.209961,1292.660034,1074.770020,1253.300049,1253.300049,98063670000
2011-11-01,98.2325,0.08,2011-11-01,1251.000000,1277.550049,1158.660034,1246.959961,1246.959961,84275050000
2011-12-01,98.7699,0.07,2011-12-01,1246.910034,1269.369995,1202.369995,1257.599976,1257.599976,74742430000
2012-01-01,99.3672,0.08,2012-01-01,1258.859985,1333.469971,1258.859985,1312.410034,1312.410034,79567560000
2012-02-01,99.6443,0.10,2012-02-01,1312.449951,1378.040039,1312.449951,1365.680054,1365.680054,78385710000
2012-03-01,99.1594,0.13,2012-03-01,1365.900024,1419.150024,1340.030029,1408.469971,1408.469971,83899660000
2012-04-01,99.9173,0.14,2012-04-01,1408.469971,1422.380005,1357.380005,1397.910034,1397.910034,74761710000
2012-05-01,100.0956,0.16,2012-05-01,1397.859985,1415.319946,1291.979980,1310.329956,1310.329956,86920490000
2012-06-01,100.0478,0.16,2012-06-01,1309.869995,1363.459961,1266.739990,1362.160034,1362.160034,81582440000
2012-07-01,100.3144,0.16,2012-07-01,1362.329956,1391.739990,1325.410034,1379.319946,1379.319946,73103810000
2012-08-01,99.9036,0.13,2012-08-01,1379.319946,1426.680054,1354.650024,1406.579956,1406.579956,70283810000
2012-09-01,99.8944,0.14,2012-09-01,1406.540039,1474.510010,1396.560059,1440.670044,1440.670044,69784280000
2012-10-01,100.1192,0.16,2012-10-01,1440.900024,1470.959961,1403.280029,1412.160034,1412.160034,71752320000
2012-11-01,100.6100,0.16,2012-11-01,1412.199951,1434.270020,1343.349976,1416.180054,1416.180054,71489310000
2012-12-01,100.9267,0.16,2012-12-01,1416.339966,1448.000000,1398.109985,1426.189941,1426.189941,66388180000
2013-01-01,100.8779,0.14,2013-01-01,1426.189941,1509.939941,1426.189941,1498.109985,1498.109985,75848510000
2013-02-01,101.4265,0.15,2013-02-01,1498.109985,1530.939941,1485.010010,1514.680054,1514.680054,69273480000
2013-03-01,101.8186,0.14,2013-03-01,1514.680054,1570.280029,1501.479980,1569.189941,1569.189941,68527110000
2013-04-01,101.6950,0.15,2013-04-01,1569.180054,1597.569946,1536.030029,1597.569946,1597.569946,77098000000
2013-05-01,101.7517,0.11,2013-05-01,1597.550049,1687.180054,1581.280029,1630.739990,1630.739990,76447250000
2013-06-01,101.9486,0.09,2013-06-01,1631.709961,1654.189941,1560.329956,1606.280029,1606.280029,74946790000
2013-07-01,101.4460,0.09,2013-07-01,1609.780029,1698.780029,1604.569946,1685.729980,1685.729980,68106820000
2013-08-01,102.1758,0.08,2013-08-01,1689.420044,1709.670044,1627.469971,1632.969971,1632.969971,64802810000
2013-09-01,102.6774,0.08,2013-09-01,1635.949951,1729.859985,1633.410034,1681.550049,1681.550049,66174410000
2013-10-01,102.5438,0.09,2013-10-01,1682.410034,1775.219971,1646.469971,1756.540039,1756.540039,76647400000
2013-11-01,102.8625,0.08,2013-11-01,1758.699951,1813.550049,1746.199951,1805.810059,1805.810059,63628190000
2013-12-01,103.1747,0.09,2013-12-01,1806.550049,1849.439941,1767.989990,1848.359985,1848.359985,64958820000
2014-01-01,102.7053,0.07,2014-01-01,1845.859985,1850.839966,1770.449951,1782.589966,1782.589966,75871910000
2014-02-01,103.6016,0.07,2014-02-01,1782.680054,1867.920044,1737.920044,1859.449951,1859.449951,69725590000
2014-03-01,104.5893,0.08,2014-03-01,1857.680054,1883.969971,1834.439941,1872.339966,1872.339966,71885030000
2014-04-01,104.7423,0.09,2014-04-01,1873.959961,1897.280029,1814.359985,1883.949951,1883.949951,71595810000
2014-05-01,105.0571,0.09,2014-05-01,1884.390015,1924.030029,1859.790039,1923.569946,1923.569946,63623630000
2014-06-01,105.4084,0.10,2014-06-01,1923.869995,1968.170044,1915.979980,1960.229980,1960.229980,63283380000
2014-07-01,105.5609,0.09,2014-07-01,1962.290039,1991.390015,1930.670044,1930.670044,1930.670044,66524690000
2014-08-01,105.4797,0.09,2014-08-01,1929.800049,2005.040039,1904.780029,2003.369995,2003.369995,58131140000
2014-09-01,105.7908,0.09,2014-09-01,2004.069946,2019.260010,1964.040039,1972.290039,1972.290039,66706000000
2014-10-01,105.8154,0.09,2014-10-01,1971.439941,2018.189941,1820.660034,2018.050049,2018.050049,93714040000
2014-11-01,106.6630,0.09,2014-11-01,2018.209961,2075.760010,2001.010010,2067.560059,2067.560059,63600190000
2014-12-01,106.5032,0.12,2014-12-01,2065.780029,2093.550049,1972.560059,2058.899902,2058.899902,80743820000
2015-01-01,105.8772,0.11,2015-01-01,2058.899902,2072.360107,1988.119995,1994.989990,1994.989990,77330040000
2015-02-01,105.4193,0.11,2015-02-01,1996.670044,2119.590088,1980.900024,2104.500000,2104.500000,68775560000
2015-03-01,105.0856,0.11,2015-03-01,2105.229980,2117.520020,2039.689941,2067.889893,2067.889893,76675850000
2015-04-01,104.5604,0.12,2015-04-01,2067.629883,2125.919922,2048.379883,2085.510010,2085.510010,72060940000
2015-05-01,104.0675,0.12,2015-05-01,2087.379883,2134.719971,2067.929932,2107.389893,2107.389893,65187730000
2015-06-01,103.6891,0.13,2015-06-01,2108.639893,2129.870117,2056.320068,2063.110107,2063.110107,73213980000
2015-07-01,104.2443,0.13,2015-07-01,2067.000000,2132.820068,2044.020020,2103.840088,2103.840088,77920590000
2015-08-01,104.1318,0.14,2015-08-01,2104.489990,2112.659912,1867.010010,1972.180054,1972.180054,84626790000
2015-09-01,103.7281,0.14,2015-09-01,1970.089966,2020.859985,1871.910034,1920.030029,1920.030029,79989370000
2015-10-01,103.3569,0.12,2015-10-01,1919.650024,2094.320068,1893.699951,2079.360107,2079.360107,85844900000
2015-11-01,102.7323,0.12,2015-11-01,2080.760010,2116.479980,2019.390015,2080.409912,2080.409912,75943590000
2015-12-01,102.2696,0.24,2015-12-01,2082.929932,2104.270020,1993.260010,2043.939941,2043.939941,83649260000
2016-01-01,103.0314,0.34,2016-01-01,2038.199951,2038.199951,1812.290039,1940.239990,1940.239990,92409770000
2016-02-01,102.3429,0.38,2016-02-01,1936.939941,1962.959961,1810.099976,1932.229980,1932.229980,93049560000
2016-03-01,101.5415,0.36,2016-03-01,1937.089966,2072.209961,1937.089966,2059.739990,2059.739990,92639420000
2016-04-01,101.7479,0.37,2016-04-01,2056.620117,2111.050049,2033.800049,2065.300049,2065.300049,81124990000
2016-05-01,101.6011,0.37,2016-05-01,2067.169922,2103.479980,2025.910034,2096.949951,2096.949951,78883600000
2016-06-01,101.9476,0.38,2016-06-01,2093.939941,2120.550049,1991.680054,2098.860107,2098.860107,86852700000
2016-07-01,102.1435,0.39,2016-07-01,2099.340088,2177.090088,2074.020020,2173.600098,2173.600098,69530250000
2016-08-01,102.0654,0.40,2016-08-01,2173.149902,2193.810059,2147.580078,2170.949951,2170.949951,75610310000
2016-09-01,101.9304,0.40,2016-09-01,2171.330078,2187.870117,2119.120117,2168.270020,2168.270020,77270240000
2016-10-01,102.0557,0.40,2016-10-01,2164.330078,2169.600098,2114.719971,2126.149902,2126.149902,73196630000
2016-11-01,101.8293,0.41,2016-11-01,2128.679932,2214.100098,2083.790039,2198.810059,2198.810059,88299760000
2016-12-01,102.7877,0.54,2016-12-01,2200.169922,2277.530029,2187.439941,2238.830078,2238.830078,75251240000
2017-01-01,102.5393,0.65,2017-01-01,2251.570068,2300.989990,2245.129883,2278.870117,2278.870117,70483180000
2017-02-01,102.1574,0.66,2017-02-01,2285.590088,2371.540039,2271.649902,2363.639893,2363.639893,69162420000
2017-03-01,102.7236,0.79,2017-03-01,2380.129883,2400.979980,2322.250000,2362.719971,2362.719971,81547770000
2017-04-01,103.7148,0.90,2017-04-01,2362.340088,2398.159912,2328.949951,2384.199951,2384.199951,65265670000
2017-05-01,103.7121,0.91,2017-05-01,2388.500000,2418.709961,2352.719971,2411.800049,2411.800049,79607170000
2017-06-01,103.7710,1.04,2017-06-01,2415.649902,2453.820068,2405.699951,2423.409912,2423.409912,81002490000
2017-07-01,103.6206,1.15,2017-07-01,2431.389893,2484.040039,2407.699951,2470.300049,2470.300049,63169400000
2017-08-01,103.1956,1.16,2017-08-01,2477.100098,2490.870117,2417.350098,2471.649902,2471.649902,70616030000
2017-09-01,103.1760,1.15,2017-09-01,2474.419922,2519.439941,2446.550049,2519.360107,2519.360107,66337980000
2017-10-01,104.7647,1.15,2017-10-01,2521.199951,2582.979980,2520.399902,2575.260010,2575.260010,70871570000
2017-11-01,105.2943,1.16,2017-11-01,2583.209961,2657.739990,2557.449951,2647.580078,2647.580078,73173260000
2017-12-01,105.7183,1.30,2017-12-01,2645.100098,2694.969971,2605.520020,2673.610107,2673.610107,65251190000
2018-01-01,105.3141,1.41,2018-01-01,2683.729980,2872.870117,2682.360107,2823.810059,2823.810059,76860120000
2018-02-01,105.7465,1.42,2018-02-01,2816.449951,2835.959961,2532.689941,2713.830078,2713.830078,79579410000
2018-03-01,106.5387,1.51,2018-03-01,2715.219971,2801.899902,2585.889893,2640.870117,2640.870117,76349800000
2018-04-01,107.3051,1.69,2018-04-01,2633.449951,2717.489990,2553.800049,2648.050049,2648.050049,69648590000