yyyymm;veh_f_all;veh_s_all;veh_u_all;veh_r_all;vehrn_lp_all;vehrn_biap_all;vehrn_lr_all;vehrn_biar_all;vehrn_gt_all;vehrn_mpg_all;vehrn_hp_all;vehrn_hr_all;vehrn_tb_all;vehrn_fb_all;vehrn_gas_all;vehrn_sel_all
197801;48;17;35;113;;;;;;;;;;;;
197802;45;22;33;112;10;25;0;1;1;3;22;1;2;2;3;7
197803;55;13;32;123;12;34;0;2;2;3;20;2;4;1;1;8
197804;51;17;32;119;7;36;1;1;3;3;22;2;3;0;2;10
197805;50;18;32;118;6;33;1;1;3;3;23;3;2;0;1;8
197806;53;14;33;120;7;39;1;1;4;3;24;4;1;1;1;11
197807;52;15;33;119;8;43;1;2;3;2;25;3;2;1;1;11
197808;40;18;42;98;5;28;1;1;2;2;32;5;2;1;1;11
197809;46;18;36;110;7;34;0;1;2;2;24;2;2;1;1;12
197810;50;14;36;114;4;38;0;2;1;3;24;3;3;1;1;10
197811;39;21;40;99;7;28;0;1;1;2;31;6;3;1;2;9
197812;42;22;36;106;4;31;1;1;1;2;28;6;1;2;3;7
197901;46;16;38;108;6;33;0;3;1;1;29;6;3;1;5;9
197902;44;17;39;105;7;29;0;1;1;4;30;6;2;1;3;8
197903;47;13;40;107;5;35;0;2;2;7;23;6;2;1;14;9
197904;45;12;43;102;5;30;1;2;1;12;21;5;3;3;19;10
197905;40;12;48;92;6;21;0;1;0;14;26;6;4;1;22;11
197906;37;13;50;87;7;21;0;1;0;12;25;4;2;1;26;13
197907;32;16;52;80;11;17;0;1;1;11;27;6;4;2;25;10
197908;38;14;48;90;17;14;0;1;1;11;27;7;4;2;18;11
197909;44;11;45;99;21;21;0;1;1;9;25;7;3;1;14;11
197910;45;9;46;99;16;23;0;2;1;8;27;8;3;1;13;10
197911;38;10;52;86;14;16;1;2;0;8;30;18;5;1;10;8
197912;44;9;47;97;20;20;1;1;1;10;27;18;4;3;13;8
198001;40;10;50;90;13;22;1;1;1;8;31;13;5;4;19;10
198002;47;8;45;102;21;19;1;2;1;14;22;14;3;1;13;10
198003;45;10;45;100;19;22;0;2;1;13;25;17;4;2;16;9
198004;35;10;55;80;15;10;2;1;0;12;32;24;4;2;16;8
198005;29;10;61;68;25;8;0;1;0;6;30;29;5;2;15;7
198006;37;14;49;88;27;9;2;1;0;5;24;22;4;3;9;10
198007;36;14;50;86;25;13;3;1;0;3;27;11;5;4;6;13
198008;42;12;46;96;24;12;3;1;0;7;27;11;8;1;5;13
198009;42;14;44;98;20;19;3;2;0;9;31;10;5;1;5;11
198010;45;16;39;106;17;17;2;2;1;12;23;14;7;2;4;13
198011;41;15;44;97;17;16;1;1;1;7;28;17;5;1;4;10
198012;33;9;58;75;13;12;2;2;0;5;31;30;7;2;5;12
198101;36;13;51;85;18;13;4;1;0;4;33;28;4;3;4;9
198102;39;11;50;89;22;12;2;1;0;4;31;27;5;2;8;9
198103;39;11;50;89;30;10;1;1;0;6;34;21;7;3;6;9
198104;42;9;49;93;25;19;1;1;1;4;31;22;6;2;5;8
198105;44;7;49;95;23;15;3;1;1;5;33;17;4;3;3;10
198106;33;10;57;76;14;12;1;1;0;5;34;28;6;1;2;9
198107;40;7;53;87;17;18;1;1;1;5;33;25;5;2;3;11
198108;43;10;47;96;19;18;4;1;1;4;26;26;4;1;4;8
198109;34;10;56;78;14;15;5;2;1;4;30;31;7;2;3;9
198110;37;10;53;84;20;14;4;0;0;2;36;29;5;2;1;8
198111;37;9;54;83;21;12;5;0;0;1;32;26;7;2;2;10
198112;34;10;56;78;22;12;5;1;1;1;37;27;10;3;2;9
198201;41;10;49;92;29;11;4;2;1;2;31;26;10;2;2;8
198202;37;12;51;86;33;6;2;0;0;2;33;28;7;4;2;9
198203;39;8;53;86;37;8;2;0;0;1;32;30;12;4;1;7
198204;40;9;51;89;36;7;7;0;1;2;28;29;9;4;1;8
198205;44;10;46;98;36;8;10;1;1;1;27;26;8;3;1;6
198206;40;6;54;86;32;6;6;1;0;1;33;27;8;3;2;10
198207;37;11;52;85;28;9;4;1;1;1;28;32;9;4;2;10
198208;35;11;54;81;26;7;5;1;1;2;32;30;9;3;1;7
198209;40;11;49;91;26;8;10;1;1;1;31;25;10;3;1;7
198210;44;10;46;98;29;7;10;1;1;1;26;19;11;3;0;7
198211;46;8;46;100;28;8;19;1;0;1;25;19;10;6;1;7
198212;53;8;39;114;35;6;26;1;1;1;23;14;8;5;1;7
198301;51;8;41;110;25;7;27;2;1;2;24;18;10;2;1;6
198302;57;6;37;120;24;8;34;1;2;1;26;10;9;3;0;5
198303;56;8;36;120;24;8;33;1;1;2;23;11;8;2;0;5
198304;66;5;29;137;28;8;38;2;3;2;19;11;5;2;0;5
198305;66;5;29;137;26;12;39;2;3;0;19;7;5;2;1;5
198306;63;9;28;135;23;11;39;1;4;1;20;6;5;2;1;6
198307;65;8;27;138;25;11;35;3;4;2;18;8;5;2;0;5
198308;65;7;28;137;25;12;30;3;3;1;16;6;7;2;1;4
198309;61;7;32;129;28;17;25;3;2;2;20;10;4;2;0;4
198310;59;7;34;125;22;17;16;3;3;2;25;8;6;3;0;6
198311;59;9;32;127;21;12;14;7;4;2;23;9;3;1;0;6
198312;56;11;33;123;21;12;20;2;4;2;24;9;4;2;0;5
198401;64;12;24;140;26;18;17;2;5;1;16;8;3;2;0;5
198402;62;10;28;134;22;16;20;3;4;2;18;8;3;0;0;4
198403;66;10;24;142;23;17;19;3;7;1;17;6;3;2;1;4
198404;59;11;30;129;16;17;19;3;9;1;22;10;3;2;0;6
198405;63;9;28;135;20;17;14;4;5;3;18;9;2;2;0;2
198406;60;10;30;130;21;18;12;6;5;1;20;8;3;2;0;2
198407;62;10;28;134;21;20;17;7;4;1;20;9;3;1;0;4
198408;59;11;30;129;19;17;12;5;6;2;19;12;4;2;1;4
198409;59;6;35;124;24;20;11;4;4;1;22;9;3;2;0;3
198410;54;12;34;120;18;17;10;4;5;2;23;8;4;2;0;3
198411;55;8;37;118;18;15;15;3;5;0;25;10;5;3;0;5
198412;55;10;35;120;18;14;13;3;6;2;24;12;5;2;0;4
198501;62;8;30;132;24;13;22;2;4;0;21;8;5;2;0;4
198502;61;9;30;131;26;14;23;1;5;1;21;8;4;1;0;4
198503;67;6;27;140;30;17;21;2;4;1;20;5;4;2;0;3
198504;68;6;26;142;28;14;22;3;3;1;21;5;4;1;0;4
198505;65;5;30;135;24;14;25;3;6;1;20;8;4;2;0;3
198506;67;7;26;141;26;13;32;3;4;1;17;4;4;2;0;4
198507;67;10;23;144;24;12;33;2;3;1;17;5;4;2;0;3
198508;64;10;26;138;24;14;35;1;3;1;18;5;3;1;0;4
198509;72;6;22;150;25;9;44;1;2;1;15;5;2;1;0;3
198510;65;7;28;137;23;10;40;1;3;1;19;6;5;1;0;3
198511;68;8;24;144;21;11;38;2;3;2;18;7;3;1;0;1
198512;63;9;28;135;24;8;36;2;2;1;20;6;3;1;0;4
198601;71;9;20;151;23;9;50;1;2;0;13;3;4;1;0;4
198602;73;6;21;152;22;9;52;2;4;1;13;4;4;1;0;2
198603;74;8;18;156;22;9;52;2;3;0;13;3;4;1;0;3
198604;73;5;22;151;22;7;52;2;3;1;14;3;4;2;0;2
198605;75;6;19;156;28;6;57;1;4;0;10;3;5;2;0;2
198606;77;5;18;159;23;8;59;3;3;0;11;3;3;1;0;2
198607;74;6;20;154;23;8;52;2;5;1;14;3;4;1;0;3
198608;73;8;19;154;23;9;51;1;2;0;12;3;3;2;0;1
198609;81;3;16;165;25;6;70;3;2;0;11;4;2;0;0;1
198610;72;7;21;151;22;5;55;3;2;0;12;8;2;0;0;1
198611;63;6;31;132;26;7;42;2;2;0;17;9;3;1;0;2
198612;64;7;29;135;23;9;43;1;1;0;15;4;3;1;0;2
198701;55;9;36;119;21;8;32;2;2;1;17;6;5;1;0;2
198702;62;9;29;133;29;8;36;1;2;0;13;4;3;3;0;2
198703;66;7;27;139;29;6;43;1;1;0;15;4;3;2;0;2
198704;64;8;28;136;28;9;37;4;3;1;15;2;3;1;0;3
198705;67;9;24;143;27;13;37;3;2;0;15;6;3;1;0;3
198706;65;10;25;140;28;15;35;3;0;1;16;5;3;1;0;2
198707;67;11;22;145;32;10;27;3;3;1;15;5;3;1;1;3
198708;66;9;25;141;36;10;35;3;2;0;15;5;3;0;1;5
198709;66;9;25;141;29;15;36;4;2;0;16;4;3;2;1;4
198710;58;11;31;127;26;14;22;5;4;0;19;7;3;3;0;2
198711;57;8;35;122;31;10;21;3;2;0;17;10;4;8;0;2
198712;64;6;30;134;31;14;21;2;2;0;17;9;4;4;0;4
198801;59;11;30;129;32;11;20;4;3;1;17;5;4;3;0;4
198802;59;13;28;131;30;10;20;2;3;1;20;8;4;2;0;3
198803;62;8;30;132;32;11;20;4;4;1;21;6;3;1;1;3
198804;63;12;25;138;30;12;21;3;3;1;15;6;5;2;0;2
198805;64;10;26;138;29;14;17;5;4;0;17;6;3;2;0;2
198806;62;11;27;135;30;14;16;4;3;1;18;4;1;2;0;3
198807;62;10;28;134;33;13;14;3;5;0;16;6;3;2;0;3
198808;62;12;26;136;30;15;16;6;4;0;18;6;4;2;0;2
198809;61;13;26;135;31;14;14;6;4;0;17;9;2;2;0;3
198810;60;12;28;132;31;13;12;7;4;0;19;8;3;1;0;5
198811;61;9;30;131;27;15;14;4;4;0;17;7;2;2;0;3
198812;61;10;29;132;26;17;11;7;4;0;18;9;4;3;0;2
198901;62;11;27;135;28;18;11;6;5;1;17;7;2;1;0;4
198902;61;11;28;133;30;14;15;6;4;1;17;6;4;1;0;3
198903;61;8;31;130;27;12;15;5;3;0;18;13;2;2;1;3
198904;65;9;26;139;32;12;25;4;3;0;16;9;3;3;1;2
198905;63;10;27;136;29;14;23;4;3;0;16;6;4;2;1;3
198906;61;10;29;132;33;11;21;2;2;1;18;7;3;1;2;2
198907;64;10;26;138;32;15;19;2;3;0;18;4;2;1;0;3
198908;61;11;28;133;35;14;18;4;2;0;22;7;2;2;0;2
198909;61;9;30;131;32;10;18;2;4;1;19;6;5;1;0;3
198910;62;10;28;134;36;16;12;2;3;0;18;6;4;2;0;2
198911;62;10;28;134;41;11;15;2;2;0;23;5;4;1;0;3
198912;58;10;32;126;38;11;13;2;1;0;21;6;4;1;0;4
199001;63;11;26;137;48;10;11;2;2;0;17;5;2;2;0;3
199002;63;6;31;132;48;8;11;2;2;0;22;6;4;2;0;3
199003;65;6;29;136;48;10;11;1;2;1;21;4;4;2;0;4
199004;66;7;27;139;45;13;11;2;2;1;18;4;4;2;0;2
199005;64;9;27;137;41;12;12;2;1;1;17;7;2;2;0;3
199006;63;8;29;134;41;14;12;2;2;0;20;7;3;3;1;4
199007;65;9;26;139;41;13;10;2;2;0;16;7;5;1;0;3
199008;57;5;38;119;32;16;9;3;1;1;21;9;3;5;5;3
199009;59;4;37;122;34;13;9;3;1;4;17;7;4;5;10;3
199010;50;8;42;108;35;8;5;3;1;2;19;8;8;10;12;4
199011;50;5;45;105;34;13;5;2;1;1;19;10;6;10;7;4
199012;47;10;43;104;36;7;8;2;1;1;17;7;7;13;7;2
199101;48;9;43;105;36;7;9;2;2;1;15;6;11;12;5;2
199102;53;8;39;114;43;4;10;0;1;1;14;4;11;10;5;3
199103;66;6;28;138;48;8;16;1;2;1;14;3;9;4;1;3
199104;63;6;31;132;51;11;12;1;1;0;18;6;11;4;0;2
199105;61;5;34;127;46;8;16;1;1;1;19;6;10;4;0;2
199106;61;7;32;129;43;10;13;1;1;0;20;5;9;5;0;2
199107;64;6;30;134;50;7;17;0;2;0;15;6;6;7;1;1
199108;64;7;29;135;48;8;16;1;1;0;16;4;9;5;0;2
199109;58;7;35;123;39;9;16;0;2;0;23;5;10;5;0;1
199110;58;7;35;123;41;13;12;1;1;0;20;5;10;5;0;3
199111;59;6;35;124;46;5;19;1;1;1;21;5;11;10;0;3
199112;52;9;39;113;43;6;17;1;0;0;20;8;11;9;0;3
199201;59;5;36;123;46;3;24;0;1;1;16;4;13;11;0;2
199202;60;6;34;126;46;5;25;1;2;0;15;2;11;11;0;2
199203;60;5;35;125;44;6;24;1;2;0;21;2;10;11;1;2
199204;63;5;32;131;41;7;27;1;1;0;16;4;9;7;0;2
199205;64;7;29;135;41;7;28;2;2;0;14;2;9;7;1;3
199206;68;8;24;144;44;8;30;2;2;1;16;3;6;6;0;3
199207;62;4;34;128;38;6;22;1;2;0;20;4;10;7;0;2
199208;62;5;33;129;39;7;26;1;3;0;18;4;9;12;0;3
199209;62;6;32;130;40;7;27;1;2;0;19;3;9;9;0;1
199210;56;9;35;121;36;7;22;2;1;0;18;3;11;8;1;3
199211;63;8;29;134;35;9;27;2;3;0;14;4;8;7;0;1
199212;69;7;24;145;41;6;25;2;4;0;12;2;7;6;0;1
199301;63;8;29;134;43;5;25;1;5;0;15;4;9;4;1;2
199302;61;10;29;132;36;4;26;1;5;0;15;5;7;8;0;2
199303;64;8;28;136;32;10;29;2;4;0;16;3;9;7;0;2
199304;64;9;27;137;34;7;30;2;5;0;16;2;7;5;0;2
199305;65;10;25;140;35;9;29;1;5;0;14;3;7;5;0;3
199306;67;6;27;140;30;8;31;3;7;1;13;2;8;7;1;1
199307;67;7;26;141;38;7;33;1;2;0;16;2;8;4;0;2
199308;64;10;26;138;33;8;26;1;5;0;17;3;8;6;0;2
199309;63;8;29;134;32;7;32;1;3;1;16;2;8;6;0;2
199310;63;6;31;132;29;10;27;2;5;1;22;3;9;4;0;2
199311;65;9;26;139;30;8;33;1;5;1;16;2;8;5;0;2
199312;68;8;24;144;32;6;34;1;7;0;17;1;6;4;0;2
199401;70;8;22;148;34;6;34;2;9;1;14;2;7;2;0;2
199402;73;9;18;155;35;8;37;1;7;0;12;3;3;2;0;1
199403;70;7;23;147;29;13;31;3;8;0;17;2;5;3;0;2
199404;71;8;21;150;29;14;31;3;7;0;15;2;6;2;0;1
199405;67;9;24;143;26;12;27;4;7;0;15;3;4;3;0;3
199406;68;8;24;144;27;10;27;3;8;1;15;5;3;2;1;1
199407;68;7;25;143;28;14;27;4;6;1;17;4;6;2;0;2
199408;67;9;24;143;27;13;24;4;7;0;17;7;2;1;0;2
199409;68;8;24;144;25;14;24;4;7;1;19;4;3;2;0;1
199410;66;6;28;138;28;13;23;3;9;1;21;6;5;3;0;2
199411;64;9;27;137;27;10;22;4;8;1;18;6;6;2;0;0
199412;62;10;28;134;22;12;16;7;9;1;18;9;6;1;0;2
199501;67;5;28;139;28;12;17;6;10;0;19;7;5;2;0;2
199502;60;9;31;129;23;13;15;4;8;0;21;11;6;2;0;2
199503;64;8;28;136;29;13;16;6;9;1;18;9;4;3;0;1
199504;57;9;34;123;23;12;17;4;8;0;25;9;5;2;0;4
199505;61;7;32;129;30;14;17;3;5;0;24;6;4;2;0;1
199506;61;9;30;131;29;13;19;3;5;0;21;5;4;2;0;1
199507;68;5;27;141;27;10;26;1;7;0;18;4;7;4;0;1
199508;61;7;32;129;27;12;21;2;7;0;23;4;6;2;0;2
199509;64;7;29;135;28;12;20;1;7;0;22;4;5;2;0;1
199510;57;11;32;125;33;9;16;1;4;0;23;2;8;4;0;2
199511;59;12;29;130;27;10;19;3;6;1;22;3;6;1;0;2
199512;62;9;29;133;28;12;20;1;8;0;20;3;7;3;0;2
199601;58;6;36;122;26;10;20;2;4;0;21;3;9;5;0;2
199602;61;7;32;129;31;10;22;1;5;0;24;3;6;2;0;2
199603;63;8;29;134;27;10;25;1;7;0;22;4;5;3;0;1
199604;57;11;32;125;24;11;22;1;5;0;25;3;4;4;0;2
199605;59;9;32;127;27;12;21;3;6;1;22;5;4;3;1;2
199606;64;9;27;137;26;11;19;2;8;0;21;3;3;3;1;3
199607;66;6;28;138;27;14;23;3;7;0;23;2;4;1;1;1
199608;66;7;27;139;29;13;22;2;7;0;19;4;4;2;0;2
199609;63;8;29;134;26;13;18;4;7;0;20;4;5;2;0;2
199610;62;8;30;132;25;13;18;3;6;1;24;4;5;2;0;2
199611;63;9;28;135;28;10;19;2;6;0;21;4;4;0;0;2
199612;63;8;29;134;23;11;16;2;7;1;21;2;3;2;1;2
199701;65;11;24;141;26;11;16;2;13;0;19;3;4;1;0;2
199702;61;8;31;130;22;11;21;1;12;0;24;3;6;1;0;2
199703;64;7;29;135;23;12;22;2;9;0;23;4;5;1;0;3
199704;63;10;27;136;27;9;14;5;8;1;20;6;4;1;0;1
199705;71;8;21;150;30;13;19;2;11;0;17;3;3;1;0;0
199706;74;6;20;154;26;13;21;2;11;0;14;3;2;0;0;2
199707;63;10;27;136;22;7;20;2;10;0;20;5;1;1;0;2
199708;63;13;24;139;23;9;22;2;7;0;16;3;4;1;0;3
199709;67;9;24;143;27;10;21;1;9;0;17;2;2;1;0;2
199710;64;13;23;141;23;8;18;1;9;1;16;4;3;1;1;2
199711;66;8;26;140;24;8;17;1;7;0;21;1;1;0;0;2
199712;62;11;27;135;24;7;16;0;5;0;20;3;2;1;0;1
199801;65;15;20;145;27;5;23;1;6;0;16;1;2;1;0;1
199802;68;13;19;149;28;7;22;0;9;0;14;2;1;1;0;1
199803;65;16;19;146;27;5;28;1;9;0;17;1;2;0;0;2
199804;65;15;20;145;27;5;24;1;8;0;18;1;0;1;0;1
199805;68;12;20;148;27;6;26;0;9;0;17;2;1;0;0;1
199806;69;14;17;152;25;7;28;1;11;1;13;1;1;1;0;1
199807;62;15;23;139;25;5;26;1;6;0;15;1;3;0;0;1
199808;66;18;16;150;22;6;25;0;10;0;13;2;2;1;0;3
199809;63;16;21;142;31;4;24;0;8;0;14;2;1;2;0;1
199810;69;15;16;153;32;4;31;0;8;0;10;1;2;2;0;1
199811;72;11;17;155;29;4;36;1;8;0;10;1;1;1;0;2
199812;70;11;19;151;31;5;31;0;10;0;13;2;2;1;0;1
199901;73;11;16;157;29;6;31;1;8;0;10;1;2;1;0;0
199902;69;15;16;153;28;7;28;0;12;0;11;2;2;3;0;1
199903;70;12;18;152;34;6;30;0;10;0;14;2;1;1;0;2
199904;68;14;18;150;28;6;31;1;11;0;17;2;1;0;1;1
199905;70;11;19;151;22;10;30;0;15;0;13;1;2;1;1;1
199906;70;10;20;150;27;8;24;2;14;0;13;1;1;1;0;3
199907;71;11;18;153;24;6;27;2;12;0;12;2;1;1;0;2
199908;69;10;21;148;23;9;21;1;13;0;14;5;2;2;0;2
199909;67;11;22;145;20;6;20;2;13;0;13;2;3;1;0;3
199910;67;12;21;146;21;8;16;1;12;0;13;4;2;1;0;2
199911;68;12;20;148;26;5;20;1;11;0;13;3;3;1;1;2
199912;63;15;22;141;20;5;20;1;11;0;14;3;2;1;0;2
200001;65;14;21;144;26;6;15;2;10;1;15;5;1;1;0;2
200002;70;13;17;153;25;6;15;4;14;1;11;4;0;0;2;1
200003;62;10;28;134;21;6;16;3;15;1;17;5;2;0;9;2
200004;69;10;21;148;23;10;15;4;15;2;13;2;1;0;6;1
200005;66;13;21;145;22;9;20;3;13;1;11;6;1;0;4;1
200006;62;14;24;138;20;7;18;4;11;1;11;5;2;0;7;1
200007;65;11;24;141;27;6;15;1;13;1;12;4;1;0;9;1
200008;68;11;21;147;27;9;15;1;12;2;12;7;1;1;4;1
200009;67;11;22;145;22;5;16;2;14;0;12;3;1;1;4;1
200010;67;10;23;144;20;10;14;2;12;1;12;3;2;1;4;2
200011;68;13;19;149;25;7;16;2;13;1;9;3;2;1;4;1
200012;66;14;20;146;26;6;14;2;9;1;11;3;2;1;2;2
200101;60;13;27;133;30;3;17;2;5;0;9;4;5;3;4;1
200102;64;9;27;137;33;5;23;0;5;0;10;2;6;4;3;1
200103;67;12;21;146;33;5;27;1;3;0;11;3;5;3;2;2
200104;59;11;30;129;24;3;27;0;6;1;12;4;7;8;4;1
200105;59;15;26;133;28;4;26;0;4;1;10;2;3;4;9;1
200106;56;15;29;127;25;5;20;0;4;2;14;3;5;4;9;2
200107;61;16;23;138;37;4;28;0;5;0;11;3;6;3;3;2
200108;58;16;26;132;34;3;23;0;5;0;12;2;8;3;2;4
200109;60;13;27;133;30;3;21;0;5;1;9;3;7;10;3;1
200110;71;10;19;152;34;1;47;0;1;0;5;2;4;8;1;0
200111;79;6;15;164;33;1;59;0;1;0;5;2;5;6;1;0
200112;76;11;13;163;29;2;58;1;1;0;4;2;5;4;0;1
200201;71;14;15;156;36;1;53;0;1;0;5;3;5;4;0;1
200202;73;10;17;156;36;0;47;1;2;0;6;2;6;4;1;0
200203;67;15;18;149;35;2;39;1;5;0;8;2;6;3;1;1
200204;65;18;17;148;32;2;42;0;3;0;6;5;6;3;2;1
200205;69;13;18;151;34;3;39;1;5;0;10;1;5;3;1;1
200206;65;19;16;149;34;4;34;2;3;0;7;3;7;2;1;0
200207;72;11;17;155;41;3;43;1;3;0;7;4;5;4;0;0
200208;70;12;18;152;36;3;43;1;3;0;7;2;7;4;0;1
200209;74;10;16;158;33;2;49;0;4;0;7;2;4;4;1;1
200210;71;14;15;156;28;1;52;1;1;0;4;4;9;4;2;0
200211;70;13;17;153;28;2;50;1;1;0;7;3;4;6;1;0
200212;71;13;16;155;33;2;46;1;3;1;7;2;6;4;1;0
200301;71;10;19;152;37;2;43;1;3;1;7;2;8;6;2;0
200302;64;12;24;140;30;3;45;0;1;1;9;3;5;7;7;1
200303;67;7;26;141;34;1;43;0;2;1;7;3;6;7;8;1
200304;68;13;19;149;35;3;40;1;2;0;6;3;4;5;4;1
200305;76;8;16;160;38;3;50;0;2;1;5;1;5;5;2;2
200306;74;9;17;157;37;3;47;1;3;0;7;3;5;4;0;0
200307;76;8;16;160;37;2;50;0;2;0;6;2;5;5;1;0
200308;71;8;21;150;32;5;48;1;4;0;12;3;7;2;1;1
200309;72;8;20;152;38;3;42;0;2;1;9;4;4;4;2;0
200310;73;9;18;155;40;2;44;1;2;1;9;1;4;3;2;1
200311;76;9;15;161;38;2;44;1;3;0;7;2;4;2;1;1
200312;75;7;18;157;36;3;41;1;4;1;10;1;6;2;0;1
200401;78;5;17;161;36;2;40;1;6;1;8;3;4;2;1;1
200402;69;12;19;150;29;4;38;1;4;1;8;4;4;3;1;1
200403;72;9;19;153;35;3;38;1;3;0;9;3;3;3;4;1
200404;70;7;23;147;32;3;38;1;7;1;10;3;4;3;7;3
200405;67;10;23;144;28;4;34;3;3;5;9;5;3;3;8;2
200406;69;6;25;144;34;6;32;3;4;5;9;4;3;2;15;3
200407;67;8;25;142;35;4;33;2;3;1;11;5;4;1;7;2
200408;67;10;23;144;35;4;33;2;3;1;10;4;3;4;9;2
200409;70;8;22;148;36;5;32;2;5;2;9;5;5;2;6;3
200410;72;8;20;152;36;6;32;1;2;3;10;3;4;2;5;2
200411;64;10;26;138;31;5;25;2;6;2;11;4;5;4;8;2
200412;71;12;17;154;33;6;33;3;7;1;9;4;2;3;2;1
200501;69;9;22;147;40;5;27;2;6;1;10;5;3;5;1;2
200502;67;10;23;144;34;6;29;2;5;2;12;4;6;0;3;3
200503;59;12;29;130;27;6;22;4;3;3;12;4;3;1;11;3
200504;59;10;31;128;32;5;23;2;3;7;9;3;4;2;18;7
200505;61;11;28;133;31;7;19;3;4;7;10;3;5;2;16;5
200506;65;9;26;139;41;5;21;2;2;3;11;3;2;1;10;5
200507;74;4;22;152;52;4;15;1;4;3;9;2;2;1;9;2
200508;70;7;23;147;55;4;16;0;3;2;10;3;4;2;8;1
200509;59;7;34;125;41;5;12;1;2;8;11;1;4;2;20;7
200510;54;11;35;119;38;4;12;2;1;9;11;3;5;1;23;8
200511;60;5;35;125;42;3;15;1;2;6;11;2;5;2;15;7
200512;64;7;29;135;43;3;12;1;2;5;12;5;5;2;9;6
200601;64;9;27;137;36;6;11;1;4;6;10;4;5;1;10;5
200602;64;6;30;134;40;4;15;1;3;6;10;5;6;1;9;6
200603;66;6;28;138;42;3;14;1;4;5;12;3;4;2;9;6
200604;63;6;31;132;36;5;13;2;3;8;8;4;4;3;15;5
200605;53;6;41;112;30;3;11;1;2;10;10;3;4;2;25;14
200606;60;4;36;124;35;3;9;2;3;9;10;3;5;2;15;10
200607;61;8;31;130;39;5;13;3;1;7;11;3;2;2;13;6
200608;60;4;36;124;42;3;11;2;1;7;12;7;5;3;17;7
200609;61;6;33;128;39;4;11;1;2;8;10;4;5;1;14;6
200610;66;5;29;137;41;3;14;1;3;5;11;5;5;2;9;7
200611;67;6;27;140;45;3;16;1;2;4;11;5;8;1;7;4
200612;66;8;26;140;38;5;12;1;3;4;11;5;6;1;5;5
200701;64;8;28;136;41;4;13;1;3;5;11;4;6;1;6;6
200702;63;7;30;133;40;4;12;1;3;4;11;4;7;4;6;5
200703;65;8;27;138;41;4;17;0;2;4;11;3;6;1;6;5
200704;63;6;31;132;37;4;18;1;2;5;12;5;6;2;9;6
200705;58;8;34;124;38;4;13;1;2;7;12;3;3;2;15;6
200706;55;8;37;118;31;5;11;1;3;11;11;4;4;3;18;10
200707;60;5;35;125;37;4;12;1;3;4;11;3;8;1;14;6
200708;63;7;30;133;35;3;16;2;3;4;9;6;6;4;9;6
200709;67;5;28;139;38;3;18;1;2;6;10;4;6;3;7;5
200710;60;8;32;128;36;4;15;0;2;4;12;7;8;3;5;3
200711;55;7;38;117;32;3;13;1;3;6;14;7;10;4;9;6
200712;56;5;39;117;35;2;11;0;1;3;13;6;9;3;13;5
200801;56;7;37;119;33;4;10;1;0;5;8;5;10;3;9;6
200802;55;9;36;119;37;3;15;0;1;4;11;6;12;7;8;7
200803;54;6;40;114;36;3;16;0;1;5;9;4;15;6;13;5
200804;51;8;41;110;34;3;14;0;0;5;9;4;17;8;14;5
200805;45;6;49;96;34;2;8;0;1;9;8;6;15;8;22;10
200806;43;5;52;91;32;1;9;0;1;11;11;3;14;4;24;12
200807;49;5;46;103;38;1;8;0;1;8;8;4;15;5;23;11
200808;49;5;46;103;38;2;7;0;0;10;10;3;15;6;17;13
200809;52;4;44;108;40;2;9;0;1;8;9;6;14;6;15;13
200810;47;4;49;98;41;2;9;0;0;4;9;17;17;10;11;8
200811;56;3;41;115;51;1;10;0;1;1;9;11;16;12;4;8
200812;59;3;38;121;53;2;6;0;1;2;9;8;14;8;3;6
200901;61;2;37;124;57;1;13;0;1;2;5;10;15;9;3;4
200902;61;5;34;127;58;0;12;0;0;1;8;6;12;13;2;5
200903;60;5;35;125;57;0;11;0;2;1;7;7;13;12;2;3
200904;62;5;33;129;57;1;15;0;1;1;4;5;14;9;3;3
200905;65;2;33;132;60;1;19;0;1;2;7;4;12;8;1;4
200906;68;3;29;139;64;2;11;0;1;1;5;5;9;8;1;2
200907;63;5;32;131;56;2;10;0;1;2;5;6;13;8;3;4
200908;68;3;29;139;56;0;9;0;1;2;4;4;12;10;3;4
200909;61;4;35;126;52;3;8;0;2;4;10;6;11;8;2;4
200910;59;6;35;124;53;2;14;0;1;1;10;7;13;9;2;4
200911;61;4;35;126;50;2;11;0;2;3;7;5;13;10;2;4
200912;61;5;34;127;54;2;16;0;1;3;11;6;10;10;1;3
201001;60;6;34;126;49;3;13;0;3;2;8;5;14;8;1;3
201002;62;2;36;126;50;1;17;0;2;4;9;8;12;9;1;6
201003;62;7;31;131;52;1;17;0;2;3;8;7;13;7;2;7
201004;70;2;28;142;60;2;19;1;2;2;9;4;10;7;2;2
201005;68;3;29;139;55;2;19;0;3;3;8;4;12;7;3;4
201006;68;3;29;139;53;2;25;0;1;3;8;6;12;5;3;4
201007;62;5;33;129;53;2;18;0;3;4;10;3;16;9;2;4
201008;65;5;30;135;52;1;24;0;2;5;10;7;13;9;2;3
201009;59;7;34;125;47;3;21;0;1;3;10;5;15;9;0;4
201010;60;5;35;125;47;3;20;0;3;2;9;6;17;10;2;3
201011;62;6;32;130;47;2;20;0;2;3;11;5;15;9;1;2
201012;65;5;30;135;49;3;22;1;3;3;11;7;15;5;1;2
201101;58;6;36;122;43;3;18;0;3;3;15;7;14;6;4;3
201102;59;5;36;123;41;5;16;1;3;3;10;5;15;9;3;3
201103;60;5;35;125;42;3;17;0;2;7;11;7;13;7;8;2
201104;56;7;37;119;37;4;18;0;1;8;12;5;10;7;9;7
201105;60;7;33;127;43;3;17;1;1;10;12;6;10;5;8;4
201106;58;3;39;119;36;3;13;0;2;9;13;5;18;5;6;4
201107;53;5;42;111;35;2;16;0;2;5;16;8;17;7;5;3
201108;53;5;42;111;35;3;19;1;2;4;13;8;18;11;3;4
201109;55;3;42;113;38;2;16;0;1;4;11;7;19;11;3;3
201110;54;4;42;112;35;2;22;0;3;3;13;6;22;10;3;2
201111;60;6;34;126;41;2;21;0;2;6;12;5;13;11;2;3
201112;56;5;39;117;36;2;20;1;2;4;11;8;18;8;2;5
201201;58;7;35;123;37;2;21;1;5;5;15;7;14;8;3;2
201202;59;5;36;123;34;3;22;0;5;3;15;4;15;7;3;4
201203;59;4;37;122;37;3;21;0;5;8;13;5;16;8;6;4
201204;63;6;31;132;37;2;26;0;4;8;11;5;13;6;6;3
201205;64;4;32;132;38;3;23;0;6;7;10;5;15;5;4;3
201206;61;6;33;128;39;2;20;0;5;5;12;6;16;6;3;4
201207;63;5;32;131;42;3;24;0;4;5;14;6;12;6;3;1
201208;61;5;34;127;36;5;23;0;4;4;12;5;13;8;5;1
201209;66;5;29;137;36;4;26;0;7;6;12;3;11;6;2;2
201210;59;6;35;124;32;5;22;1;6;7;15;4;13;7;4;2
201211;60;8;32;128;31;2;23;1;6;5;13;5;14;8;2;2
201212;62;6;32;130;36;3;23;1;5;6;11;5;12;9;2;4
201301;61;6;33;128;38;4;22;0;4;5;14;7;13;7;2;3
201302;60;6;34;126;32;3;22;0;5;3;16;5;12;5;4;3
201303;62;6;32;130;32;6;23;0;6;6;15;4;12;5;2;3
201304;62;7;31;131;26;5;25;1;9;4;14;5;11;6;2;3
201305;70;5;25;145;34;5;29;0;8;5;9;4;9;5;2;3
201306;65;6;29;136;29;4;27;2;10;5;13;4;11;4;2;3
201307;66;9;25;141;34;6;29;1;7;4;11;4;7;4;2;3
201308;62;7;31;131;34;4;25;2;6;3;14;5;9;6;2;2
201309;60;6;34;126;25;4;25;2;8;4;14;7;11;7;0;2
201310;65;6;29;136;29;6;25;2;8;4;11;5;11;8;1;1
201311;57;6;37;120;23;5;18;2;8;4;13;6;13;10;2;3
201312;65;6;29;136;29;5;24;3;7;5;13;6;9;7;0;3
201401;68;6;26;142;32;5;26;3;10;6;12;4;9;7;0;1
201402;65;8;27;138;32;4;26;1;7;5;14;4;10;5;1;2
201403;61;10;29;132;29;4;20;1;6;4;11;6;11;6;1;3
201404;64;6;30;134;28;6;20;1;9;8;12;6;11;5;2;6
201405;62;7;31;131;27;7;19;1;10;5;17;4;9;6;3;4
201406;61;8;31;130;31;6;20;2;7;3;15;4;7;5;3;5
201407;64;7;29;135;28;6;23;1;10;4;14;6;5;5;2;8
201408;62;7;31;131;27;7;26;1;9;3;15;6;10;4;1;4
201409;65;6;29;136;31;5;24;1;9;3;14;3;11;4;1;4
201410;69;7;24;145;34;3;22;1;8;5;11;5;8;5;1;3
201411;70;6;24;146;31;6;24;2;10;5;13;2;5;5;1;4
201412;68;5;27;141;30;5;25;2;11;4;13;6;7;5;0;4
201501;74;3;23;151;30;4;27;2;13;5;11;2;7;2;2;4
201502;69;5;26;143;32;5;23;1;13;3;15;4;7;5;1;2
201503;66;7;27;139;27;6;24;2;12;5;14;5;8;3;1;4
201504;71;4;25;146;26;6;26;3;12;3;14;5;6;3;1;4
201505;65;8;27;138;24;4;22;2;11;4;15;3;7;5;1;5
201506;69;7;24;145;25;6;28;2;13;4;14;2;6;4;1;4
201507;70;5;25;145;30;4;26;2;12;3;15;3;7;3;1;3
201508;66;7;27;139;25;5;26;2;11;3;15;4;9;4;2;3
201509;65;6;29;136;25;4;25;2;11;5;15;4;6;4;1;7
201510;68;4;28;140;29;5;24;2;8;2;15;5;7;4;1;5
201511;70;7;23;147;27;3;28;2;10;3;14;4;6;3;0;3
201512;69;3;28;141;29;5;28;3;9;3;13;5;7;3;2;4
201601;73;6;21;152;28;6;26;4;10;3;9;4;5;4;0;2
201602;71;6;23;148;33;2;27;2;8;2;10;4;6;5;1;3
201603;69;7;24;145;21;8;25;2;11;3;12;5;6;6;1;3
201604;69;5;26;143;26;6;26;2;9;3;13;5;6;4;1;4
201605;74;4;22;152;28;6;29;3;12;3;13;2;4;3;2;4
201606;70;5;25;145;27;5;26;3;12;2;14;5;4;4;0;4
201607;71;6;23;148;28;6;30;1;9;2;13;3;5;6;0;2
201608;68;4;28;140;26;4;28;1;11;3;17;4;6;5;0;2
201609;65;5;30;135;20;5;25;2;11;2;14;3;5;5;1;4
201610;64;7;29;135;22;4;24;2;9;3;13;5;7;4;2;3
201611;67;7;26;141;23;4;24;2;12;2;14;4;5;4;1;2
201612;65;7;28;137;25;5;21;4;13;1;12;6;6;5;1;3
201701;71;5;24;147;23;8;18;3;16;3;11;5;4;5;1;3
201702;70;5;25;145;25;8;18;2;15;2;14;4;2;5;1;2
201703;71;5;24;147;23;9;20;5;16;2;12;5;4;5;0;2
201704;73;6;21;152;24;8;21;4;15;3;13;3;3;3;0;1
201705;65;5;30;135;29;5;17;3;11;3;16;4;5;6;0;2
201706;67;7;26;141;28;6;21;2;12;3;16;5;4;4;1;3
201707;65;7;28;137;27;5;20;2;11;3;16;4;4;4;0;5
201708;67;5;28;139;26;5;23;2;13;3;15;4;6;4;0;4
201709;66;4;30;136;25;6;18;2;16;2;15;5;5;4;2;2
201710;72;5;23;149;27;5;21;4;13;3;12;3;5;3;1;3
201711;70;5;25;145;28;5;20;1;14;3;14;4;3;4;0;4
201712;70;5;25;145;28;6;20;4;16;2;12;5;3;4;1;2
201801;66;8;26;140;26;5;18;3;14;2;14;4;5;5;1;4
201802;67;4;29;138;24;6;18;5;16;1;18;6;3;3;0;3
201803;67;5;28;139;21;12;18;3;15;1;16;4;3;3;1;3